NTACODE	NTANAME	POP_TOT	POP_MALE_RT	POP_FEMALE_RT	RACE_HIS_LAT_RT	RACE_WHITE_RT	RACE_BLACK_RT	RACE_ASIAN_RT	POP_UNDER10YR_RT	POP_10TO19YR_RT	POP_20TO59YR_RT	POP_OVER60YR_RT	LABOR_FORCE	HOUSEHOLD_TOT	HOUSEHOLD_INCOME_AVE	EMPLOYED_RT	UNEMPLOYED_RT	HOUSEHOLD_WITHEARNING_RT	HOUSEHOLD_FOODSTAMP_RT	HOUSEHOLD_LT25K_RT	HOUSEHOLD_25KTO50K_RT	HOUSEHOLD_50KTO200K_RT	HOUSEUNITS_TOT	HOUSEUNITS_OCCUPIED	HOUSEUNITS_VACANT_RT	HOUSEUNITS_NOPLUMBING_RT	HOUSEUNITS_NOKITCHEN_RT	HOUSEUNITS_NOPHONE_RT	HOUSEUNITS_OWNER_RT	HOUSEUNITS_RENTER_RT	POP_OVER25YR	EDU_LT12_RT	EDU_PRIORCOLLEGE_RT	EDU_COLLEGE_RT	POP_PERHOUSEHOLD
BK72	Williamsburg	32828	0.512367491166	0.487632508834	0.115115145607	0.854362129889	0.023546972097	0.00091385402705	0.302668453759	0.210155964421	0.393170464238	0.0940051175825	8407	8299	35.3807687673	0.948019507552	0.0519804924467	0.765634413784	0.542354500542	0.56573081094	0.245089769851	0.175924810218	8939	8299	0.0715963754334	0.0264011634411	0.0162210538091	0.018570309878	0.138209422822	0.861790577177	12929	0.331580168613	0.591074329027	0.077345502359	3.67244658239
BK73	North Side-South Side	46070	0.483828955937	0.516171044063	0.373106142826	0.528912524419	0.0295202952029	0.0436726720208	0.119318428478	0.10149772086	0.678836553071	0.100347297591	27035	19172	70.9881598164	0.935121139264	0.0648788607361	0.831629459628	0.250991028583	0.293396620071	0.196901731692	0.444345921135	20944	19172	0.0846065699006	0.0127482811306	0.0120320855615	0.0427807486631	0.149488837889	0.850511162111	31774	0.204695663121	0.317838484295	0.477465852584	2.19967532467
BK76	Greenpoint	31522	0.491688344648	0.508311655352	0.149895311211	0.763498508978	0.00815303597487	0.0500285514878	0.0575788338303	0.0568809085718	0.751665503458	0.13387475414	21138	15124	74.9780150753	0.939019774813	0.0609802251868	0.839724940491	0.0529621793176	0.212840518381	0.191351494314	0.547474213171	17302	15124	0.125881400994	0.0199976881285	0.0225407467345	0.166570338689	0.189037291722	0.810962708278	25261	0.11036776058	0.403388622778	0.486243616642	1.82187030401
BK90	East Williamsburg	33155	0.470125169658	0.529874830342	0.329573216709	0.451937867591	0.0879806967275	0.118142060021	0.0679837128638	0.0845121399487	0.670245815111	0.177258332077	19711	14888	62.6027673294	0.913297143726	0.0867028562731	0.773710370768	0.20278076303	0.313876947877	0.206273508866	0.452377753895	15814	14888	0.0585557101302	0.00999114708486	0.0117617301126	0.0595674718603	0.160934981193	0.839065018807	25061	0.237979330434	0.390447308567	0.371573360999	2.09656001012
BK09	Brooklyn Heights-Cobble Hill	23498	0.502383181547	0.497616818452	0.0743467529151	0.765214060771	0.0531960166822	0.0711124351008	0.0885607285726	0.0704740829006	0.660694527194	0.180270661333	14848	11346	119.853472589	0.94692887931	0.0530711206896	0.848757271284	0.0202714613079	0.123655913978	0.115635466244	0.503701745108	12735	11346	0.109069493522	0.00235571260306	0.00691009030231	0.019473890852	0.43689405958	0.563105940419	18297	0.017817128491	0.181395857244	0.800787014264	1.84515115822
BK38	DUMBO-Vinegar Hill-Downtown Brooklyn-Boerum Hill	35373	0.487009866282	0.512990133718	0.23763887711	0.43196788511	0.21818901422	0.08526277104	0.118254035564	0.0829728889266	0.663811381562	0.134961693947	20244	15085	92.8848193569	0.899130606599	0.1008693934	0.815909844216	0.204043752071	0.254888962545	0.155916473318	0.432880344713	17033	15085	0.114366230259	0.0112722362473	0.00833675805788	0.0294722010215	0.243619489559	0.75638051044	25979	0.160976173063	0.303437391739	0.535586435197	2.07673339987
BK68	Fort Greene	26982	0.421280853902	0.578719146097	0.189051960566	0.266177451634	0.41768586465	0.0842784078274	0.105255355422	0.103995256097	0.627307093618	0.163442294863	15111	11560	75.6057525951	0.882205016213	0.117794983787	0.775692041522	0.21124567474	0.279238754325	0.183564013841	0.465138408304	13108	11560	0.118095819347	0.00556911809582	0.00617943240769	0.0443240768996	0.218944636678	0.781055363321	19007	0.191981901405	0.325932551165	0.48208554743	2.05843759536
BK69	Clinton Hill	36413	0.47818086947	0.52181913053	0.163210941147	0.356218932799	0.393321066652	0.0521791667811	0.108560129624	0.0879081646664	0.666547661549	0.13698404416	21020	14937	77.6436031331	0.907183634633	0.0928163653663	0.794202316395	0.128941554529	0.241547834237	0.190064939412	0.502577492133	17006	14937	0.121662942491	0.00617429142655	0.00982006350699	0.0373397624368	0.335944299391	0.664055700609	24690	0.110814094775	0.36711219117	0.522073714054	2.14118546395
BK35	Stuyvesant Heights	64331	0.448803842626	0.551196157373	0.211904058696	0.0464783696818	0.698123766147	0.0292238578601	0.14324353733	0.136637080101	0.575958713528	0.14416066904	30085	24360	52.5474137931	0.840884161542	0.159115838458	0.697413793103	0.341461412151	0.384154351396	0.23210180624	0.366256157635	28484	24360	0.14478303609	0.0114801291953	0.0120769554838	0.0448672939194	0.230213464696	0.769786535303	41000	0.239756097561	0.544463414634	0.215780487805	2.25849599775
BK75	Bedford	70095	0.474227833654	0.525772166346	0.186917754476	0.26078892931	0.506812183465	0.026521149868	0.185334189314	0.15095227905	0.550367358585	0.113346173051	31029	24225	50.5418988648	0.88378613555	0.116213864449	0.76858617131	0.348689370485	0.382745098039	0.238348813209	0.362105263158	28254	24225	0.142599277978	0.0116089757202	0.0107241452538	0.0376937778721	0.197481940144	0.802518059855	40026	0.242042672263	0.523484734922	0.234472592815	2.48088766192
BK77	Bushwick North	61817	0.513645113804	0.486354886196	0.749906983516	0.0964783150266	0.0854295743889	0.058964362554	0.145251306275	0.13934678163	0.627804649206	0.0875972628888	30446	18885	48.1552819698	0.898344610129	0.101655389871	0.79639925867	0.371247021445	0.359915276674	0.269949695525	0.360762509928	20718	18885	0.0884737909064	0.00810889081957	0.0201756926344	0.0497634906844	0.102779984114	0.897220015885	37259	0.494135645079	0.34762070909	0.15824364583	2.98373395115
BK78	Bushwick South	71247	0.476427077631	0.523572922369	0.599786657684	0.0923547658147	0.271155276713	0.0220781225876	0.135458335088	0.14672898508	0.591589821326	0.126222858506	34416	24164	48.1336906141	0.861372617387	0.138627382613	0.746109915577	0.361157093196	0.401878828008	0.235639794736	0.35180433703	27577	24164	0.123762555753	0.00598324690865	0.017188236574	0.0417014178482	0.169260056282	0.830739943718	44391	0.34297492735	0.476222657746	0.180802414904	2.58356601516
BK99	park-cemetery-etc-Brooklyn	416	0.432692307682	0.567307692294	0.206730769226	0.576923076909	0.180288461534	0.0	0.127403846151	0.180288461534	0.624999999985	0.0673076923061	237	170	67.5588235254	0.91983122359	0.0801687763679	0.899999999947	0.482352941148	0.0	0.482352941148	0.482352941148	181	170	0.0607734806596	0.0	0.0	0.0	0.158823529402	0.841176470539	251	0.290836653375	0.199203187243	0.509960159342	2.29834254131
BK82	East New York	91956	0.443766584018	0.556233415981	0.280699464961	0.0167036408717	0.668711122711	0.01750837357	0.163763104093	0.169852973161	0.529698986472	0.136684936274	37219	30771	45.4892593676	0.865767484349	0.134232515651	0.706639368236	0.26765460986	0.407201585909	0.265217250008	0.320074095739	34953	30771	0.119646382285	0.0057219695019	0.00346179154865	0.0398249077332	0.235936433655	0.764063566345	53572	0.24693869932	0.632121257373	0.120940043306	2.63084713758
BK83	Cypress Hills-City Line	47526	0.47807515886	0.521924841139	0.610697302529	0.056747885368	0.239069141102	0.0725708033497	0.155788410554	0.162248032656	0.577452341876	0.104511214914	20586	13634	53.1373771453	0.921840085495	0.078159914505	0.79998533079	0.210429807833	0.344946457386	0.249523250697	0.385726859322	15892	13634	0.142084067455	0.0111376793355	0.00912408759124	0.0466272338283	0.320375531759	0.679624468241	27784	0.299524906421	0.592175352721	0.108299740858	2.9905612887
BK93	Starrett City	12822	0.346435813445	0.653564186554	0.210263609421	0.292700046794	0.452347527686	0.0248791140228	0.117298393386	0.106223678053	0.482218062704	0.294259865855	4836	6378	36.6635308874	0.86186931348	0.138130686517	0.539981185324	0.308403888366	0.503606146127	0.255566008153	0.23251803073	6466	6378	0.0136096504794	0.00634085988245	0.00634085988245	0.00216517166718	0.0180307306365	0.981969269362	8831	0.179141660061	0.594496659494	0.226361680444	1.9829879369
BK33	Carroll Gardens-Columbia Street-Red Hook	39422	0.468367916392	0.531632083608	0.215691745726	0.587032621379	0.115443153569	0.0595606514129	0.120338897063	0.0895692760387	0.643118055908	0.146973770991	23395	17628	93.14187656	0.906860440265	0.0931395597349	0.810642160199	0.121851599728	0.206319491718	0.154810528704	0.506126616746	19399	17628	0.0912933656374	0.00427857106036	0.00778390638692	0.020001030981	0.26480599047	0.73519400953	29264	0.129066429743	0.288853198469	0.582080371788	2.03216660653
BK37	Park Slope-Gowanus	72864	0.47913921827	0.52086078173	0.174132630654	0.662768994291	0.0632411067194	0.0640096618357	0.113924571805	0.0758124725516	0.67785188845	0.132411067194	48461	31068	110.746588129	0.935226264419	0.0647737355812	0.89416763229	0.0435174456032	0.110917986352	0.124147032316	0.591605510493	33650	31068	0.0767310549777	0.00196136701337	0.00974739970282	0.0132243684993	0.387601390498	0.612398609502	54482	0.0789985683345	0.207683271539	0.713318160126	2.16534918276
BK32	Sunset Park West	54932	0.535789703633	0.464210296366	0.620039321343	0.176745794801	0.0306196752348	0.156356950411	0.148383455909	0.110245394306	0.627375664458	0.113995485327	28089	17023	56.8971391646	0.896685535263	0.103314464737	0.833636844269	0.256594019855	0.312400869412	0.263408329906	0.399577042824	18372	17023	0.0734269540605	0.0109405617244	0.0117025908992	0.046211626388	0.233625095459	0.76637490454	35838	0.404682180925	0.369496065629	0.225821753446	2.98998475941
BK34	Sunset Park East	71460	0.511656870977	0.488343129023	0.332297788973	0.141141897565	0.0186118108032	0.490792051497	0.148068849706	0.124853064652	0.608326336412	0.11875174923	35965	20544	48.9206094237	0.889142221604	0.110857778396	0.83406347352	0.299698208723	0.366725077881	0.283683800623	0.335621105919	21906	20544	0.0621747466447	0.010225508993	0.0114580480234	0.0409020359719	0.204293224299	0.795706775701	45902	0.518691995991	0.336150930243	0.145157073766	3.26211996713
BK40	Windsor Terrace	22571	0.473971024766	0.526028975233	0.156395374596	0.660006202649	0.0583492091622	0.09782464224	0.118647822427	0.0777546409109	0.64742368526	0.156173851402	13787	9510	93.3966876971	0.941394066874	0.0586059331254	0.848370136697	0.0656151419558	0.162565720294	0.159411146162	0.572660357518	10030	9510	0.0518444666001	0.00199401794616	0.00957128614157	0.0226321036889	0.450788643533	0.549211356466	16327	0.0967109695596	0.344827586207	0.558461444233	2.25034895314
BK61	Crown Heights North	100130	0.443843004095	0.556156995905	0.115949265954	0.108039548587	0.735653650255	0.0211125536802	0.116468590832	0.140856886048	0.584500149805	0.158174373315	49622	40818	49.4152702239	0.869352303414	0.130647696586	0.747072370033	0.266549071488	0.376598559459	0.265863099613	0.343230927532	46002	40818	0.112690752576	0.0102821616451	0.00778227033607	0.0336072344681	0.147998432064	0.852001567936	66880	0.214668062201	0.543301435407	0.242030502392	2.17664449372
BK64	Prospect Heights	20449	0.475328866937	0.524671133062	0.123429018534	0.499731038192	0.273216294195	0.0697344613428	0.102254388968	0.0589270868991	0.715878527067	0.122939997066	14043	9394	95.3049819032	0.924873602506	0.0751263974934	0.880987864593	0.0723866297636	0.160953800298	0.143176495635	0.584415584415	10271	9394	0.0853860383603	0.00477071365981	0.00233667607828	0.0187907701295	0.327655950606	0.672344049393	15979	0.0806683772451	0.248576256336	0.670755366418	1.99094538019
BK60	Prospect Lefferts Gardens-Wingate	69397	0.455999538885	0.544000461115	0.101157110538	0.102612504863	0.754672392178	0.0204475697797	0.134141245299	0.112540887935	0.57336772483	0.179950141937	36910	26016	53.4575837946	0.850690869683	0.149309130317	0.812115621156	0.20821801968	0.304658671587	0.283479397294	0.396986469865	28089	26016	0.0738011321157	0.00587418562426	0.00968350599879	0.016127309623	0.163591635916	0.836408364083	46554	0.186256820037	0.592065128668	0.221678051295	2.47061127132
BK63	Crown Heights South	41243	0.475886817157	0.524113182843	0.076473583396	0.260407826783	0.634580413646	0.0139902528914	0.150304294062	0.148970734428	0.554542589045	0.146182382465	19859	14662	52.5479129723	0.843043456367	0.156956543633	0.771040785704	0.23830309644	0.368435411267	0.242668121675	0.369390260537	15630	14662	0.0619321817018	0.00978886756237	0.00850927703134	0.014267434421	0.150252353021	0.849747646978	24602	0.204861393383	0.558369238273	0.236769368344	2.63870761356
BK30	Dyker Heights	45216	0.495289278132	0.504710721868	0.0931086341118	0.523664189667	0.00497611464968	0.369824840764	0.114340056617	0.111487084218	0.558452760085	0.21572009908	21774	14966	70.980722972	0.91687333517	0.0831266648296	0.772083389015	0.141253507951	0.212748897501	0.245088868101	0.501670453027	16052	14966	0.0676551208572	0.00548218290555	0.00828557189135	0.0221156242213	0.471936389148	0.528063610851	31799	0.293814270889	0.46671278971	0.239472939401	2.81684525293
BK31	Bay Ridge	83821	0.476598942986	0.523401057014	0.160747306761	0.666730294318	0.0132186444924	0.138223118312	0.120661886639	0.103208026628	0.580725593825	0.195404492907	42180	34990	75.1891969134	0.914959696538	0.0850403034613	0.771163189482	0.111231780509	0.223035152901	0.221920548728	0.495227207774	37125	34990	0.0575084175084	0.00228956228956	0.00778451178451	0.0197171717172	0.354501286082	0.645498713918	60139	0.146776634131	0.423119772527	0.430103593342	2.2578047138
BK27	Bath Beach	29311	0.491999590597	0.508000409402	0.121217290437	0.53553273515	0.0197536760943	0.313500051175	0.11917027737	0.0935484971512	0.547473644707	0.239807580772	13403	10726	64.4979489091	0.920689397895	0.0793106021039	0.686649263471	0.152619802349	0.273168002983	0.245198582882	0.448070110013	11640	10726	0.0785223367697	0.0016323024055	0.00910652920961	0.0447594501718	0.417024053701	0.582975946298	21251	0.236977083431	0.505764434615	0.257258481954	2.51812714776
BK28	Bensonhurst West	86592	0.483670546933	0.516329453067	0.144355136733	0.469073355506	0.00635162601626	0.371015798226	0.112735587583	0.118948632668	0.558492701404	0.209823078344	40380	29717	58.516253323	0.902724120852	0.0972758791481	0.758858565804	0.182420836558	0.277955379076	0.280109028502	0.422047986001	31897	29717	0.0683449854218	0.00329184562811	0.0103771514562	0.0291876979026	0.354409933708	0.645590066292	60636	0.311184774721	0.491539679398	0.19727554588	2.71473806314
BK29	Bensonhurst East	61066	0.492025022107	0.507974977893	0.12057446042	0.471604493499	0.00835161955916	0.386139586677	0.111027412963	0.0973536829005	0.564274719156	0.22734418498	29723	21737	58.4161797856	0.900077381152	0.0999226188473	0.74490500069	0.197175323182	0.272300685467	0.299351336431	0.405575746423	23270	21737	0.0658788139235	0.0031800601633	0.00984099699183	0.0322303394929	0.362285503979	0.63771449602	44527	0.309160733937	0.464414849417	0.226424416646	2.6242372153
BK41	Kensington-Ocean Parkway	36199	0.489985911213	0.510014088787	0.139092240117	0.512389845023	0.0765214508688	0.243791264952	0.149783143181	0.14494875549	0.545457056825	0.159811044504	16891	12037	58.5770956218	0.913741045527	0.0862589544727	0.818144055827	0.221649912769	0.333554872476	0.23053917089	0.408324333305	12560	12037	0.0416401273885	0.00398089171974	0.012898089172	0.0203025477707	0.285868571903	0.714131428096	22968	0.191527342389	0.458855799373	0.349616858237	2.88208598726
BK46	Ocean Parkway South	19541	0.489893045391	0.510106954608	0.0859219077836	0.856404482882	0.00711324906606	0.0389437592753	0.166061102298	0.155979734916	0.476434164065	0.201524998721	8260	6607	67.9427122748	0.896973365616	0.103026634382	0.748751324352	0.152414106251	0.276373543211	0.201907068261	0.468593915543	7199	6607	0.0822336435615	0.00513960272259	0.00513960272259	0.0225031254341	0.438474345391	0.561525654608	11672	0.14007882111	0.523817683344	0.336103495545	2.71440477844
BK88	Borough Park	106203	0.515672815269	0.484327184731	0.103942449837	0.764517009877	0.00576254908053	0.122199937855	0.233091343936	0.172283268834	0.454544598552	0.140080788678	38510	28325	54.8100617829	0.929628667878	0.0703713321215	0.796787290379	0.287413945278	0.346866725507	0.274774933804	0.353680494263	30704	28325	0.077481761334	0.00508077123502	0.00677436164669	0.0169033350703	0.306513680494	0.693486319505	55029	0.278489523706	0.536299042323	0.185211433971	3.45893043252
BK19	Brighton Beach	31584	0.458934903749	0.541065096251	0.130920719352	0.698644883485	0.0119047619048	0.132060536981	0.0981509625126	0.0907738095238	0.526025835866	0.285049392097	14181	13764	53.4693766347	0.923418658768	0.0765813412312	0.636442894507	0.308049985469	0.419718105202	0.218904388259	0.330717814589	15273	13764	0.0988018071105	0.012178353958	0.0119819288941	0.0365350618739	0.294027898866	0.705972101133	23652	0.132208692711	0.474378488077	0.393412819212	2.06796307209
BK21	Seagate-Coney Island	30018	0.461356519422	0.538643480578	0.23549203811	0.316243587181	0.339163168765	0.103171430475	0.101272569791	0.145679259111	0.482010793524	0.271037377573	12322	11215	41.1538118591	0.791429962668	0.208570037331	0.597146678555	0.463218903254	0.472135532768	0.257333927775	0.265091395452	12177	11215	0.0790013960745	0.010347376201	0.00862281350086	0.0290711998029	0.165492643781	0.834507356219	20455	0.315864091909	0.508922023955	0.175213884136	2.46513919684
BK23	West Brighton	15472	0.423474663909	0.576525336091	0.0109229576008	0.967101861426	0.0108583247156	0.00710961737331	0.0482161323681	0.0450491209927	0.422311271975	0.484423474664	6771	8026	55.5488412658	0.935164672868	0.0648353271303	0.554697233989	0.237727385995	0.352853227012	0.223398953401	0.399077996511	8564	8026	0.06282111163	0.000934142923866	0.00268566090612	0.0133115366651	0.379267381011	0.620732618988	13418	0.0947980324936	0.501788642122	0.403413325384	1.80663241476
BK26	Gravesend	27759	0.455167693361	0.544832306639	0.153571814547	0.526315789473	0.0772722360315	0.237220360964	0.0970856298858	0.110846932526	0.499477646889	0.292589790698	12094	11068	52.8729219371	0.880271208863	0.119728791136	0.607968919407	0.253162269606	0.365196964221	0.268612215395	0.344235634261	11490	11068	0.036727589208	0.00113141862489	0.00678851174934	0.0258485639686	0.361853993494	0.638146006505	20397	0.258469382752	0.510614306025	0.230916311222	2.41592689295
BK42	Flatbush	105094	0.457171674881	0.542828325118	0.191285896436	0.216472871905	0.482710716121	0.0835918320741	0.136325575199	0.137800445316	0.583782137896	0.142091841589	53410	37482	57.4181607171	0.89700430631	0.10299569369	0.818899738541	0.253374953311	0.293874393042	0.272023904808	0.409716663999	40161	37482	0.0667065063121	0.0093125171186	0.0103583078111	0.0233808919101	0.175684328478	0.824315671522	67622	0.206604359528	0.517834432581	0.275561207891	2.61681731033
BK43	Midwood	51514	0.495244011337	0.504755988663	0.0635361261016	0.775012617929	0.0499475870637	0.0984974958264	0.142349652522	0.146950343596	0.506153666964	0.204546336918	22255	18430	65.6435160065	0.9172770164	0.0827229835992	0.748399348887	0.205371676614	0.322517634292	0.200162778079	0.427509495388	19756	18430	0.0671188499696	0.009971654181	0.00946547884187	0.0202470135655	0.349213239284	0.650786760716	32573	0.129156049489	0.44932919903	0.421514751481	2.60751164203
BK17	Sheepshead Bay-Gerritsen Beach-Manhattan Bch	61584	0.465542998181	0.534457001819	0.0781371784879	0.683310600156	0.0688165757339	0.159375811899	0.0983534684333	0.103322291504	0.542998181346	0.255326058717	29463	25070	66.6887714399	0.909988799511	0.0900112004887	0.699202233745	0.170362983646	0.292580773833	0.206860789789	0.461188671719	27414	25070	0.0855037572043	0.00353833807543	0.0106150142263	0.02290800321	0.505903470283	0.494096529717	45539	0.133819363622	0.498517754013	0.367662882364	2.24644342307
BK25	Homecrest	41899	0.495047614501	0.504952385498	0.0687605909449	0.79920761832	0.0115515883434	0.103486956729	0.128618821452	0.136638105921	0.516265304661	0.218477767966	18402	15435	60.8284742468	0.904466905771	0.0955330942288	0.713702623906	0.142986718497	0.27664399093	0.268286362164	0.421898283122	16879	15435	0.08555009183	0.00094792345518	0.00568754073108	0.0222762011967	0.407321023647	0.592678976352	28097	0.168203010998	0.529415951881	0.302381037121	2.48231530304
BK44	Madison	40001	0.481712957176	0.518287042824	0.0674233144171	0.701757456063	0.0100497487563	0.211569710757	0.121546961326	0.113022174446	0.546286342841	0.219144521387	18995	15022	70.9570962588	0.934298499605	0.0657015003948	0.764345626414	0.15410730928	0.255558514179	0.209359605911	0.494008787112	15876	15022	0.0537918871252	0.00314940791131	0.00724363819601	0.0263920382968	0.452403142058	0.547596857941	28086	0.159332051556	0.463255714591	0.377412233853	2.51958931721
BK79	Ocean Hill	31831	0.450598473186	0.549401526813	0.192987967704	0.018472558198	0.762464264396	0.00524645785555	0.157299487921	0.167980899123	0.545097546417	0.129622066539	14045	11686	48.1512065719	0.878533285866	0.121466714133	0.708112271093	0.336470990929	0.412373780592	0.253722402875	0.313623138798	13695	11686	0.146695874407	0.00642570281124	0.00503833515881	0.0305220883534	0.221461577956	0.778538422043	19010	0.254971067859	0.604366123093	0.140662809048	2.32427893392
BK81	Brownsville	55412	0.405291272648	0.594708727351	0.187287952068	0.00692990687938	0.781816213094	0.0114235183715	0.163376164008	0.176712625424	0.516422435573	0.143488774995	21221	20316	37.8792577279	0.840346826257	0.159653173743	0.657905099429	0.391858633589	0.508613900374	0.243207324276	0.244437881473	22293	20316	0.0886825460907	0.00417171309379	0.00623514107567	0.0343157044812	0.156625319945	0.843374680055	32125	0.271844357977	0.62913618677	0.0990194552529	2.48562328982
BK85	East New York (Pennsylvania Ave)	29854	0.43799825819	0.56200174181	0.29208816239	0.0146714008173	0.674917933945	0.00773765659543	0.175487371876	0.187780531922	0.535807596972	0.10092449923	12980	9841	43.7887409816	0.832357473035	0.167642526964	0.741489686007	0.367747180164	0.456051214307	0.229346611117	0.308606848897	10604	9841	0.0719539796303	0.0149943417578	0.0180120709166	0.0396076952093	0.220912508891	0.779087491108	16192	0.306818181818	0.593255928853	0.099925889328	2.81535269709
BK91	East Flatbush-Farragut	52657	0.440967012933	0.559032987067	0.0623468864538	0.0204531211425	0.889473384355	0.00979926695406	0.115901019807	0.127846250261	0.564065556336	0.192187173595	28170	18217	66.3372124938	0.891551295704	0.108448704295	0.814349234231	0.154965142449	0.235768787396	0.245594774112	0.500905747379	19507	18217	0.066130107141	0.00512636489465	0.00374224637309	0.00968882965089	0.454081352583	0.545918647417	36094	0.120518645758	0.647005042389	0.232476311852	2.69938996258
BK95	Erasmus	29933	0.457521798684	0.542478201316	0.0992215948952	0.010122607156	0.843216516887	0.0288310560251	0.140146326796	0.139712023519	0.567333711957	0.152807937728	15409	10222	53.5555664253	0.862677655915	0.137322344085	0.812854627274	0.249364116611	0.325180982195	0.250733711602	0.406965368812	11576	10222	0.116966136835	0.00578783690393	0.0121803731859	0.011402902557	0.215124241831	0.784875758168	19266	0.204038202014	0.631319422817	0.164642375169	2.58578092605
BK96	Rugby-Remsen Village	56277	0.448691294845	0.551308705155	0.0465021234252	0.0119942427635	0.909678909679	0.0171473248396	0.12328304636	0.127796435489	0.556888249196	0.192032268955	28607	20055	58.3082772376	0.888104310134	0.111895689866	0.807928197457	0.18459237098	0.276589379207	0.263126402393	0.441037147843	22301	20055	0.100712972512	0.00596385812295	0.00520156046814	0.0166808663289	0.299177262528	0.700822737472	38160	0.175	0.652175052411	0.172824947589	2.5235191247
BK45	Georgetown-Marine Park-Bergen Beach-Mill Basin	48351	0.483340572067	0.516659427933	0.0859134247482	0.730925937416	0.115509503423	0.0472999524312	0.154205704122	0.123410063908	0.524973630328	0.197410601642	23187	16432	89.070107108	0.904041057489	0.0959589425108	0.80099805258	0.0651777020448	0.14435248296	0.190725413827	0.595423563778	17523	16432	0.0622610283627	0.00764709239285	0.00736175312446	0.0162072704445	0.739045764362	0.260954235638	32108	0.0851501183505	0.560981686807	0.353868194842	2.75928779318
BK50	Canarsie	86160	0.447980501393	0.552019498607	0.0862116991643	0.0551648096564	0.822017177344	0.0269034354689	0.126067780873	0.150719591458	0.577669452182	0.145543175487	44584	27669	72.2712241136	0.907590166876	0.092409833124	0.863565723372	0.145794932957	0.209404026166	0.209801582999	0.552242581951	29800	27669	0.0715100671141	0.0039932885906	0.00395973154362	0.0123825503356	0.4898984423	0.5101015577	55379	0.148792863721	0.605933657162	0.245273479117	2.89127516778
BK58	Flatlands	70872	0.453550062084	0.546449937916	0.0787052714753	0.17444124619	0.70122192121	0.0268794446326	0.122530759679	0.143554577266	0.558725589796	0.175189073259	37070	23279	74.0980067872	0.905961694092	0.0940383059077	0.845182353194	0.152712745393	0.189226341338	0.223806864556	0.55522144422	24682	23279	0.0568430435135	0.00490235799368	0.00753585608945	0.0120330605299	0.595858928648	0.404141071352	46254	0.133047952609	0.594953949929	0.271998097462	2.87140426221
BX27	Hunts Point	27562	0.478992816196	0.521007183804	0.752086205645	0.0112836514041	0.214752195051	0.00471663885059	0.161563021551	0.184493142733	0.537406574269	0.116537261447	10616	8877	31.6979272276	0.801243406179	0.19875659382	0.677255829671	0.525515376816	0.56449250873	0.249633885321	0.183507941872	9513	8877	0.0668558814253	0.0148218227688	0.0141911069063	0.0605487228003	0.0531711163681	0.946828883631	15519	0.459114633675	0.454990656614	0.0858947097106	2.89729843372
BX33	Longwood	25542	0.458891237961	0.541108762039	0.71815049722	0.0156996319787	0.237334586172	0.0117062093806	0.18083940177	0.187338501292	0.514368491112	0.117453605826	9468	8318	34.5855373888	0.875897760878	0.124102239121	0.650997836017	0.531017071411	0.549531137292	0.241404183698	0.204616494349	9074	8318	0.0833149658364	0.0146572625082	0.00650209389464	0.0564249504077	0.0781437845635	0.921856215435	14150	0.44	0.481908127208	0.0780918727915	2.81485563147
BX34	Melrose South-Mott Haven North	39020	0.439697590979	0.560302409021	0.690312660174	0.0228088159918	0.269272168119	0.00474115838032	0.197180932855	0.159533572527	0.517708867247	0.125576627371	15454	12776	33.8386427677	0.821534877701	0.178465122298	0.656934877896	0.53295241077	0.534987476518	0.270272385723	0.193096430808	13842	12776	0.0770119924866	0.00989741366854	0.0114145354717	0.0625632134084	0.0849248591108	0.915075140888	21347	0.43753220593	0.473368623226	0.0890991708436	2.81895679815
BX39	Mott Haven-Port Morris	52132	0.48638072585	0.51361927415	0.720536330852	0.0172638686411	0.250594644364	0.00857438809177	0.169857285353	0.168130898488	0.536330852451	0.125680963707	20630	17497	31.6568554609	0.841008240426	0.158991759573	0.639881122478	0.522203806367	0.591758587186	0.235468937532	0.170029147854	19111	17497	0.0844539793836	0.0087384228978	0.0132907749464	0.0412327978651	0.0473795507801	0.952620449219	29781	0.449246163661	0.463248379839	0.0875054564991	2.72785306891
BX98	Rikers Island1	9741	0.905553844574	0.0944461554254	0.339184888615	0.0668309208499	0.562981213427	0.0207370906478	0.0	0.151421825274	0.832974027306	0.0156041474181	0	0	0.0	0.0	0.0	0.0	0.0	0.0	0.0	0.0	0	0	0.0	0.0	0.0	0.0	0.0	0.0	6215	0.689460981495	0.290104585679	0.0204344328238	9.741e+11
BX01	Claremont-Bathgate	30715	0.453166205437	0.546833794563	0.556535894514	0.00879049324434	0.421032069022	0.000944164089207	0.174963372945	0.18554452222	0.545108253296	0.0943838515383	11100	9847	32.0209200771	0.775765765765	0.224234234234	0.649233269015	0.536508581293	0.554077383974	0.260586980806	0.183710774855	10526	9847	0.064506935208	0.00665019950598	0.00760022800683	0.0615618468553	0.0535188382248	0.946481161774	16551	0.430548003142	0.483958673192	0.0854933236662	2.91801254037
BX06	Belmont	25783	0.472132800682	0.527867199317	0.596943722608	0.189116859946	0.181321025482	0.0216809525656	0.168754605748	0.186712174689	0.538998564946	0.105534654617	9866	8319	30.1367351845	0.88272856274	0.117271437259	0.639740353407	0.475658131986	0.574948912128	0.264575069119	0.160476018752	9324	8319	0.107786357786	0.00439725439725	0.00589875589875	0.0524453024452	0.0462796009135	0.953720399085	12591	0.411563815423	0.481057898499	0.107378286077	2.76522951523
BX17	East Tremont	41871	0.451553581238	0.548446418762	0.69348713907	0.0218767165819	0.268730147357	0.00804853000883	0.167610040362	0.183396622961	0.531035800435	0.117957536242	16734	14245	32.9845559845	0.811939763356	0.188060236644	0.6351000351	0.51246051246	0.577816777816	0.224991224991	0.196279396279	15495	14245	0.0806711842529	0.00929332042594	0.00684091642465	0.0810584059373	0.0723762723762	0.927623727623	23179	0.397428707019	0.505888951206	0.0966823417748	2.70222652468
BX35	Morrisania-Melrose	37872	0.455772074356	0.544227925644	0.607916138572	0.0105882974229	0.355935783692	0.00596746937051	0.158032319392	0.18322243346	0.546261089987	0.112484157161	16056	12475	36.3062124248	0.816953163926	0.183046836074	0.709819639278	0.508456913827	0.511743486974	0.270621242485	0.214749498998	13782	12475	0.0948338412421	0.0133507473516	0.0153823828182	0.0753156290814	0.0915430861723	0.908456913827	21705	0.387099746602	0.512831144897	0.1000691085	2.74793208533
BX75	Crotona Park East	20352	0.467030267295	0.532969732704	0.716784591195	0.0121363993711	0.247494103773	0.00633844339622	0.19147995283	0.190644654088	0.501523191824	0.116352201258	7998	6912	33.8780381944	0.837959489871	0.162040510127	0.672309027777	0.521556712962	0.532841435184	0.251446759259	0.212818287037	7425	6912	0.0690909090908	0.0060606060606	0.0208754208754	0.0941414141413	0.110966435185	0.889033564814	11123	0.411849321226	0.467230063831	0.120920614942	2.74101010101
BX14	East Concourse-Concourse Village	63504	0.484237213404	0.515762786596	0.571664777022	0.0179516250945	0.383849836231	0.00981040564374	0.14948664651	0.157596371882	0.553823381204	0.139093600403	28136	21343	40.2523075481	0.845713676428	0.154286323571	0.715129082134	0.418591575692	0.462118727451	0.255915288385	0.278545658998	22977	21343	0.0711145928537	0.00465683074379	0.00644122383253	0.0655002828916	0.108747598744	0.891252401255	38729	0.383950011619	0.478556120736	0.137493867644	2.76380728555
BX26	Highbridge	37065	0.471091326049	0.528908673951	0.630783758262	0.00639417239984	0.350654256037	0.00426278159989	0.177310130851	0.168568730608	0.542209631728	0.111911506812	16026	12711	35.5390999921	0.825533508049	0.17446649195	0.723861222563	0.481315396113	0.516953819526	0.256392101329	0.223979230588	13474	12711	0.0566275790411	0.00712483301172	0.00875760724357	0.0299836722577	0.0475965699	0.952403430099	21463	0.362670642501	0.536737641522	0.100591715976	2.75085349562
BX63	West Concourse	39680	0.471144153226	0.528855846774	0.699747983871	0.0223286290323	0.238508064516	0.0233870967742	0.167615927419	0.169405241935	0.562424395161	0.100554435484	18500	12795	38.0855803048	0.861297297297	0.138702702703	0.767799921844	0.448143806174	0.426260257913	0.3149667839	0.25822586948	13596	12795	0.0589143865842	0.0110326566637	0.0130185348632	0.046925566343	0.0289957014459	0.971004298553	23406	0.390839955567	0.499914551824	0.109245492609	2.91850544278
BX36	University Heights-Morris Heights	53944	0.472267536705	0.527732463295	0.664522467744	0.0162761382174	0.301108557022	0.00545009639626	0.15256562361	0.170046715112	0.572501112264	0.104886549014	26336	17631	36.9791843911	0.793514580802	0.206485419198	0.773864216437	0.484487550337	0.487436900913	0.278373319721	0.231807611593	19551	17631	0.0982046954119	0.00710961076159	0.0119686972533	0.029666001739	0.0495717769837	0.950428223016	31399	0.352336061658	0.536227268384	0.111436669958	2.75914275484
BX40	Fordham South	26336	0.450941676792	0.549058323208	0.685905224787	0.0153022478736	0.283566221142	0.00649301336573	0.199764580802	0.182867557716	0.528705953827	0.0886619076549	11714	8338	34.7616334852	0.797165784531	0.202834215468	0.741065003597	0.519309186855	0.532142000479	0.252098824658	0.213120652434	8902	8338	0.06335654909	0.0119074365311	0.0116827679173	0.0406650190968	0.0277044854881	0.972295514511	14029	0.436809466106	0.449640031363	0.11355050253	2.95843630644
BX41	Mount Hope	52237	0.488446886307	0.511553113693	0.687922353887	0.0130750234508	0.264735723721	0.0215938893887	0.157321438827	0.168558684457	0.570285429868	0.103834446848	24563	16528	38.39892909	0.824614257216	0.175385742784	0.760648596321	0.46188286544	0.467146660213	0.27571393998	0.251815101646	17952	16528	0.0793226381461	0.014984402852	0.0138703208556	0.0745877896613	0.0299491771539	0.970050822845	30746	0.38863592012	0.49391790802	0.11744617186	2.90981506239
BX05	Bedford Park-Fordham North	52591	0.475176360974	0.524823639026	0.682759407503	0.0756973626666	0.178889924131	0.0478408853226	0.157346314008	0.158962560134	0.573824418627	0.109866707231	23789	18253	42.7385909165	0.867249569128	0.132750430871	0.75445132307	0.404919739221	0.46354023996	0.23415328987	0.293212074727	19607	18253	0.0690569694497	0.0117815066048	0.0168817259142	0.0355995307798	0.0527036651509	0.947296334849	31845	0.360150730099	0.506610142879	0.133239127021	2.68225633702
BX30	Kingsbridge Heights	30599	0.449066962972	0.550933037027	0.685055067159	0.027778685578	0.203993594562	0.065328932318	0.132128500931	0.136638452237	0.57704500147	0.154188045361	15436	10599	42.0648174356	0.819707178025	0.180292821974	0.769695254269	0.40607604491	0.430323615435	0.28313991886	0.278799886782	11640	10599	0.0894329896906	0.00833333333333	0.0193298969072	0.0194158075601	0.145296726106	0.854703273893	19666	0.315214075053	0.518712498729	0.166073426218	2.62878006873
BX43	Norwood	41217	0.461532862654	0.538467137346	0.56105490453	0.12322585341	0.195210714026	0.0866147463425	0.16646044108	0.144260863236	0.568818691317	0.120460004367	19678	14192	47.0675380496	0.873513568452	0.126486431548	0.789247463359	0.338289177001	0.375986471251	0.241192220969	0.375493235625	15163	14192	0.0640374596056	0.0	0.000923300138494	0.0364044054606	0.0607384441939	0.939261555805	24832	0.288740335051	0.51393363402	0.197326030928	2.71826155774
BX22	North Riverdale-Fieldston-Riverdale	26839	0.474943179701	0.525056820299	0.184097768173	0.669361749692	0.0691158388911	0.0587950370729	0.107828160513	0.122508290175	0.502664033682	0.26699951563	13264	10909	93.9614080116	0.941948130277	0.0580518697225	0.743881199009	0.0482170684755	0.162526354386	0.155467962233	0.557796314969	12361	10909	0.117466224415	0.00412587978319	0.0	0.00728096432327	0.507012558438	0.492987441562	18459	0.0807194322552	0.325965653611	0.593314914134	2.1712644608
BX28	Van Cortlandt Village	49715	0.454128532636	0.545871467364	0.637594287438	0.111917932214	0.200221261189	0.0339133058433	0.132012471085	0.139213517047	0.573891179724	0.154882832143	25608	17347	51.6416383236	0.859731333958	0.140268666042	0.800484233585	0.279126073673	0.316827117081	0.27952960166	0.396379777483	18532	17347	0.063943449169	0.00669112885819	0.00998273257068	0.0240664796028	0.146192425203	0.853807574796	31784	0.269129121571	0.540271834885	0.190599043544	2.68265702568
BX29	Spuyten Duyvil-Kingsbridge	29848	0.472091932458	0.527908067542	0.362201822568	0.486431251675	0.0658670597695	0.0625167515411	0.113508442777	0.0972259447869	0.524758777807	0.264506834629	15238	12741	83.1838160269	0.918427615172	0.0815723848274	0.751353896868	0.103838003296	0.194254768071	0.177223137901	0.547209795149	14184	12741	0.101734348562	0.00824873096446	0.00874224478285	0.0144529046813	0.361902519425	0.638097480574	22052	0.127063304916	0.386359513876	0.486577181208	2.1043429216
BX08	West Farms-Bronx River	35325	0.486199575371	0.513800424628	0.677820240623	0.0197027600849	0.244642604388	0.02652512385	0.159688605803	0.144543524416	0.57313517339	0.122632696391	16390	11448	44.9495545073	0.876815131177	0.123184868822	0.741002795247	0.367837176799	0.433088749126	0.233403214535	0.323200559049	12868	11448	0.110351258937	0.00800435188063	0.00536213863848	0.0409543052533	0.137840670859	0.86215932914	21547	0.363902167355	0.493340140158	0.142757692486	2.74518184644
BX09	Soundview-Castle Hill-Clason Point-Harding Park	53800	0.445669144981	0.554330855018	0.615762081784	0.0127881040892	0.340223048327	0.0164126394052	0.126765799256	0.157695167286	0.541840148699	0.173698884758	22946	18657	52.8818941952	0.917458380545	0.0825416194543	0.714530739132	0.301870611567	0.367047220882	0.24650265316	0.371817548373	19896	18657	0.0622738238842	0.00326698833936	0.010454362686	0.0166365098512	0.271640671062	0.728359328938	34057	0.278268784684	0.55407111607	0.167660099245	2.70406111781
BX46	Parkchester	30376	0.473860942849	0.52613905715	0.353864893337	0.0368053726626	0.461219383724	0.123321042929	0.142184619436	0.110383197261	0.591947590203	0.1554845931	15901	12590	56.1117950754	0.905477642915	0.0945223570844	0.79769658459	0.180619539317	0.239793486894	0.273153296267	0.48212867355	13434	12590	0.06282566622	0.0102724430549	0.00595503945213	0.0197260681852	0.219221604448	0.780778395551	20955	0.184729181579	0.555237413505	0.260033404915	2.26112847997
BX55	Soundview-Bruckner	35886	0.477233461517	0.522766538483	0.642869085437	0.0166360140445	0.224767318731	0.0715320737892	0.155910382879	0.160619740289	0.534275204815	0.149194672017	15706	11247	44.4747488219	0.859671463135	0.140328536865	0.706321685782	0.373521828043	0.425891348804	0.270116475504	0.292522450431	12392	11247	0.0923983214977	0.0125887669464	0.00758553905745	0.0353453841188	0.147328176402	0.852671823597	21485	0.392971840819	0.499744007447	0.107284151734	2.89590058102
BX59	Westchester-Unionport	27483	0.46341374668	0.53658625332	0.616817669104	0.0561074118546	0.14830986428	0.145253429393	0.143033875487	0.180220499945	0.545500855074	0.131244769494	12837	8788	54.256087847	0.859702422684	0.140297577315	0.783909877104	0.235548475193	0.325785161584	0.249089667728	0.416021847974	9804	8788	0.103631170951	0.00571195430436	0.00448796409628	0.0224398204814	0.251706873008	0.748293126991	16788	0.293304741482	0.53752680486	0.169168453657	2.80324357405
BX10	Pelham Bay-Country Club-City Island	26139	0.467921496614	0.532078503386	0.313745743907	0.618998431462	0.0185546501396	0.0346225945904	0.0832472550595	0.100845479934	0.553999770458	0.261907494548	14105	11247	69.830621499	0.917050691244	0.0829493087557	0.707032986574	0.0762870098692	0.239975104472	0.221925846892	0.507068551613	12045	11247	0.0662515566625	0.004400166044	0.00539643005396	0.0105437941054	0.413176847159	0.58682315284	19960	0.188476953908	0.540781563126	0.270741482966	2.1701120797
BX13	Co-op City	44304	0.434249729144	0.565750270856	0.282796135789	0.0870576020224	0.60933550018	0.0117596605273	0.089247020585	0.117822318527	0.520991332611	0.271939328277	21239	18258	59.6449501588	0.882904091529	0.11709590847	0.687972395662	0.112005696133	0.27691970643	0.258571585058	0.450706539599	19126	18258	0.0453832479347	0.00752901809055	0.0143260483112	0.0184042664436	0.489922225873	0.510077774126	32379	0.169863182927	0.586305939034	0.243830878038	2.31642789919
BX52	Schuylerville-Throgs Neck-Edgewater Park	46104	0.484101162589	0.515898837411	0.395930938747	0.468722887385	0.0849817803227	0.0236638903349	0.112810168315	0.136040256811	0.546091445428	0.205058129446	22900	16655	75.4807865505	0.892969432314	0.107030567686	0.756829780846	0.135334734314	0.228159711798	0.183968778145	0.547523266286	17970	16655	0.0731775180857	0.00712298274902	0.00634390651085	0.0159710628826	0.501831281897	0.498168718102	31126	0.182130694596	0.593747992032	0.224121313371	2.56560934891
BX07	Bronxdale	33728	0.476755218216	0.523244781784	0.501482447818	0.14892670778	0.289996442125	0.0415381878558	0.124911053131	0.13167101518	0.574656072106	0.168761859582	16507	13479	45.9741078715	0.858363118676	0.141636881323	0.717412270939	0.338378217968	0.393797759477	0.252540989687	0.350100155798	14336	13479	0.0597795758928	0.00530133928571	0.00327845982143	0.0362025669643	0.120854662809	0.879145337191	22720	0.280545774648	0.534110915493	0.185343309859	2.35267857143
BX31	Allerton-Pelham Gardens	33404	0.480750808286	0.519249191713	0.286492635612	0.277421865645	0.323434319243	0.0927433840258	0.112112321878	0.142887079392	0.518381032212	0.226619566519	15798	9707	78.3406304728	0.856057728826	0.143942271173	0.763572679509	0.134336046152	0.217368909034	0.184609045019	0.547130936437	10295	9707	0.0571151044196	0.0030111704711	0.00932491500728	0.0151529868868	0.596373750901	0.403626249098	22535	0.19498557799	0.531750610162	0.273263811848	3.24468188441
BX37	Van Nest-Morris Park-Westchester Square	30098	0.484517243671	0.515482756329	0.544554455445	0.254468735464	0.0915010964183	0.0865838261678	0.143697255632	0.138779985381	0.555817662303	0.161705096684	14449	9657	58.4894377135	0.878330680323	0.121669319676	0.795795795795	0.22273998136	0.282282282282	0.25908667288	0.449725587656	10527	9657	0.0826446280991	0.00493967892087	0.00607960482568	0.0138690985086	0.306099202651	0.693900797348	19338	0.284931223498	0.513962147068	0.201106629434	2.85912415693
BX49	Pelham Parkway	30191	0.477526415157	0.522473584843	0.365506276705	0.373455665596	0.0911861150674	0.148918551886	0.126991487529	0.101155973634	0.572620979762	0.199231559074	14612	11364	59.712029215	0.928757185874	0.0712428141253	0.76399155227	0.17405843013	0.268391411475	0.260823653643	0.45784934882	12094	11364	0.0603605093434	0.000496113775425	0.00810319166528	0.0260459732098	0.260207673354	0.739792326645	21391	0.245336823898	0.467439577392	0.28722359871	2.49636183231
BX03	Eastchester-Edenwald-Baychester	36676	0.448222270695	0.551777729305	0.24675537136	0.0260933580543	0.701412367761	0.0101428727233	0.134829316174	0.180008725052	0.538608354237	0.146553604537	18024	11599	58.3388654194	0.834942299156	0.165057700843	0.783343391671	0.221484610742	0.285541857056	0.255539270627	0.447797223898	12392	11599	0.0639928986442	0.0120238863783	0.0118624919303	0.0184796642995	0.358651607897	0.641348392102	22313	0.218661766683	0.583964504997	0.19737372832	2.95965138799
BX44	Williamsbridge-Olinville	61503	0.446433507309	0.553566492691	0.219534006471	0.0236573825667	0.716647968392	0.0160805163976	0.146692031283	0.158740224054	0.541745931093	0.15282181357	29725	20322	52.6119476429	0.845315391085	0.154684608915	0.774431650428	0.265623462258	0.320342485976	0.264344060624	0.402814683594	22375	20322	0.0917541899441	0.00612290502793	0.0117988826816	0.0171173184357	0.31138667454	0.68861332546	38206	0.229545097629	0.57946395854	0.190990943831	2.74873743017
BX62	Woodlawn-Wakefield	45805	0.456020085143	0.543979914856	0.15565986246	0.163650256522	0.627704399083	0.0337517738238	0.123567296147	0.134919768584	0.559851544591	0.181661390678	24077	15128	68.5373149127	0.878888565851	0.121111434149	0.798585404547	0.147607086198	0.212784241142	0.232284505552	0.531332628239	16294	15128	0.0715600834663	0.00454154903645	0.00540076101632	0.0141769976678	0.47078265468	0.52921734532	30366	0.184779029177	0.554633471646	0.260587499177	2.81115748128
BX99	park-cemetery-etc-Bronx	1377	0.466957153228	0.533042846764	0.572984749451	0.0798838053734	0.282498184457	0.0646332607112	0.188090050834	0.12854030501	0.543936092952	0.139433551197	694	482	54.0871369283	0.864553314109	0.135446685877	0.823651452265	0.261410788376	0.336099585055	0.26556016597	0.365145228208	541	482	0.109057301292	0.0	0.0	0.0628465804055	0.284232365139	0.71576763484	887	0.271702367528	0.520856820738	0.207440811723	2.54528650642
MN23	West Village	67185	0.472292922527	0.527707077473	0.0581677457766	0.805938825631	0.0168638833073	0.0858227282876	0.0591649921857	0.0714594031406	0.672620376572	0.196755228101	45413	37218	119.424337686	0.942439389602	0.0575606103979	0.85163093127	0.0211456821968	0.132006018593	0.115347412542	0.493229082702	42753	37218	0.129464598975	0.00544990994784	0.00874792412228	0.0323018267724	0.313611693267	0.686388306733	53425	0.0175760411792	0.145549836219	0.836874122602	1.57146866886
MN24	SoHo-TriBeCa-Civic Center-Little Italy	40059	0.502508799521	0.497491200479	0.0546194363314	0.657654958935	0.0213185551312	0.232407199381	0.0855737786764	0.0622332060211	0.678773808632	0.17341920667	25716	18761	116.007408987	0.939998444548	0.0600015554518	0.857843398539	0.0670539949896	0.185810990885	0.126485795	0.403283407068	22289	18761	0.158284355512	0.00888330566647	0.00780654134326	0.0394364933375	0.266243803635	0.733756196364	30008	0.11903492402	0.174853372434	0.706111703545	1.79725425098
MN25	Battery Park City-Lower Manhattan	37506	0.499120140777	0.500879859222	0.0965978776729	0.653868714339	0.0295152775556	0.18983629286	0.102170319416	0.0495120780675	0.747800351943	0.100517250573	26136	18931	130.706909302	0.949303642485	0.0506963575145	0.898737520469	0.0134171464793	0.107971052771	0.0876868628176	0.497226770905	22827	18931	0.170675077759	0.00490647040785	0.00451220046436	0.0666754282209	0.197665205219	0.802334794781	27828	0.0412893488573	0.165337070576	0.793373580566	1.64305427783
MN22	East Village	43755	0.49109816021	0.50890183979	0.118729288081	0.653525311393	0.0561307279168	0.144920580505	0.0372757399154	0.099600045709	0.732167752257	0.130956462119	29267	22306	84.6739666457	0.94252912837	0.0574708716301	0.840491347619	0.0803371290235	0.231821034699	0.149690666188	0.518560028692	24527	22306	0.0905532678273	0.00187548416031	0.0118237044889	0.0819505035267	0.131623778356	0.868376221644	32043	0.082139624879	0.241207127922	0.676653247199	1.78395237901
MN27	Chinatown	46550	0.498517722879	0.501482277121	0.127132116004	0.158646616541	0.039462943072	0.645155746509	0.076283566058	0.0836519871106	0.618754027927	0.221310418904	23529	18107	54.5465841939	0.911980959666	0.0880190403332	0.72325619926	0.252499033523	0.406583089413	0.210360634009	0.346551057602	20077	18107	0.0981222294167	0.00786970164865	0.0103601135628	0.0422373860636	0.07549566466	0.924504335339	34996	0.410075437193	0.314378786147	0.27554577666	2.31857349205
MN28	Lower East Side	74243	0.470953490565	0.529046509435	0.38814433684	0.23852753795	0.0888433926431	0.257950244467	0.0822030359764	0.103632665706	0.576593079482	0.237571218835	34270	30216	55.9551231136	0.88803618325	0.111963816749	0.641514429441	0.305268731798	0.439072014826	0.189535345512	0.3149324861	32183	30216	0.0611192244352	0.0093838361868	0.0103781499549	0.0763757263151	0.150814138205	0.849185861795	54940	0.330506006553	0.361849290135	0.307644703313	2.306901159
MN13	Hudson Yards-Chelsea-Flat Iron-Union Square	69299	0.503600340553	0.496399659447	0.153667441089	0.642245919854	0.0517900691208	0.118472128025	0.0672592678105	0.0452243178112	0.72814903534	0.159367379039	47850	39072	112.602567056	0.925517241379	0.0744827586207	0.836558149058	0.0650081900082	0.176110769861	0.132857289107	0.440571253071	44737	39072	0.126628964839	0.0109529025192	0.0227105080806	0.0254375572792	0.292895167895	0.707104832105	56248	0.0617088607595	0.219421134974	0.718870004267	1.54903100342
MN15	Clinton	42931	0.521022105239	0.478977894761	0.201928676248	0.579022151825	0.0596305699844	0.136055530968	0.0435815611097	0.0354988236938	0.766206237916	0.15471337728	30988	25261	87.3273029571	0.906028139925	0.0939718600748	0.828708285499	0.0815882189937	0.222833617038	0.180792526028	0.465658524999	29994	25261	0.157798226312	0.0104687604187	0.0136027205441	0.0366740014669	0.152210918016	0.847789081984	35364	0.0881122045017	0.277089695736	0.634798099762	1.43131959725
MN17	Midtown-Midtown South	28228	0.497520192716	0.502479807283	0.0711704690378	0.681982428794	0.0418024656369	0.17376363894	0.0436446081904	0.0588422842567	0.718825279864	0.178687827689	19233	15964	119.439989977	0.931004003535	0.0689959964644	0.841267852668	0.0658356301678	0.189488849912	0.136494612879	0.39213229767	21396	15964	0.253879229762	0.00682370536549	0.0310338381006	0.0359880351467	0.224755700326	0.775244299674	22526	0.0378229601349	0.191822782562	0.770354257302	1.31931202094
MN19	Turtle Bay-East Midtown	48393	0.45944661418	0.54055338582	0.0599880147955	0.758787427934	0.0212840700101	0.142251978592	0.0583348831442	0.0239910730891	0.660550079557	0.25712396421	34100	29094	124.971213996	0.949237536657	0.0507624633431	0.839382690589	0.0118581150753	0.111431910359	0.108682202516	0.493331958479	36964	29094	0.21290985824	0.000784547126934	0.0109836597771	0.0568390866789	0.411115693957	0.588884306042	40594	0.0186973444351	0.18263782825	0.798664827314	1.30919272806
MN20	Murray Hill-Kips Bay	49515	0.455599313339	0.54440068666	0.101464202767	0.697263455518	0.0431586387963	0.137877410886	0.0599616277895	0.044612743613	0.725053014238	0.170372614359	33784	26173	109.035074313	0.945980345726	0.0540196542742	0.83601421312	0.0339280938371	0.157796202193	0.121308218393	0.515645894624	30756	26173	0.149011574977	0.00331642606321	0.00871374691117	0.0625894134478	0.288656248806	0.711343751194	37558	0.0339208690559	0.187390169871	0.778688961073	1.6099297698
MN21	Gramercy	26075	0.435934803451	0.564065196548	0.064506232023	0.772809204218	0.026807286673	0.109261744966	0.04184084372	0.050623202301	0.747420901246	0.160115052732	18674	14877	111.828157559	0.906179715111	0.093820284888	0.830812663843	0.05115278618	0.139611480809	0.115413053707	0.552329098608	17277	14877	0.13891300573	0.00254673843838	0.01284945303	0.0461306939862	0.341533911407	0.658466088593	20982	0.0338861881613	0.180106758174	0.786007053665	1.50923192684
MN50	Stuyvesant Town-Cooper Village	21864	0.441181851445	0.558818148554	0.0599615806805	0.701930113428	0.0492133186974	0.16433406513	0.0571716062934	0.031650201244	0.670051225759	0.241126966703	13467	10481	107.59183284	0.915868419098	0.0841315809014	0.737429634576	0.0291002766911	0.160671691632	0.111153515886	0.563686671119	10891	10481	0.0376457625562	0.0056009549169	0.00312184372417	0.0547240841061	0.00467512641923	0.99532487358	16612	0.0373224175295	0.203587767879	0.759089814591	2.00752915251
MN12	Upper West Side	135718	0.461331584609	0.538668415391	0.149243283868	0.678487746651	0.0833124567117	0.0636466791435	0.100060419399	0.0652750556301	0.605520269972	0.229144254999	81289	66941	109.549155226	0.938220423427	0.0617795765725	0.809713030878	0.0685529047968	0.182847582199	0.133595255524	0.45432545077	75158	66941	0.10932967881	0.0162989967801	0.0253332978525	0.023137922776	0.283383875353	0.716616124647	106597	0.0646922521272	0.207988967795	0.727318780078	1.80576917959
MN14	Lincoln Square	60205	0.479744207292	0.520255792708	0.109010879495	0.727564155801	0.0329042438336	0.105705506187	0.107698696122	0.0544140852089	0.600797275974	0.237089942696	36465	32169	122.271363735	0.934731934732	0.065268065268	0.805247287761	0.0295004507445	0.159718984115	0.100935683422	0.452547483602	39628	32169	0.188225497123	0.00835267992328	0.0144342384173	0.0147622892904	0.378594298859	0.621405701141	47993	0.0380680515908	0.163628029088	0.798303919321	1.51925406278
MN31	Lenox Hill-Roosevelt Island	81378	0.446558037799	0.553441962201	0.0711248740446	0.754515962545	0.0437341787707	0.107154267738	0.094865934282	0.0382044287154	0.642581533092	0.22434810391	51108	43515	113.797024015	0.950203490647	0.0497965093527	0.839066988395	0.033229920717	0.124600712398	0.115684246811	0.527013673446	52158	43515	0.165708040952	0.00289504965681	0.00506154377085	0.0246941983972	0.255980696312	0.744019303688	65763	0.0404938947432	0.200842418989	0.758663686267	1.56022086736
MN32	Yorkville	77676	0.43035171739	0.56964828261	0.091469694629	0.7690535043	0.0299835212936	0.0905556413821	0.0780936196508	0.045342190638	0.670876461198	0.205687728513	51946	43613	109.758902162	0.934316405498	0.065683594502	0.847820603948	0.0481278517873	0.146630591796	0.115997523674	0.532134913902	48567	43613	0.102003417959	0.00207960137542	0.00261494430374	0.0238227603105	0.262788618073	0.737211381927	63190	0.0433296407659	0.184601993986	0.772068365248	1.59935758849
MN40	Upper East Side-Carnegie Hill	58834	0.449043070333	0.550956929666	0.0499371111942	0.864772070571	0.0130706734201	0.0535404697964	0.0985654553489	0.0923955535914	0.487048305402	0.321990685658	31521	28751	143.816910716	0.951683004981	0.0483169950192	0.786129178115	0.0123821780112	0.0900838231713	0.0805537198706	0.426315606414	37543	28751	0.234184801428	0.00162480355859	0.00263697626721	0.0123325253709	0.579458105805	0.420541894195	45455	0.0161038389616	0.159124408756	0.824771752282	1.56710971419
MN04	Hamilton Heights	51527	0.477264346847	0.522735653153	0.495177285695	0.126477380791	0.334698313505	0.01531236051	0.111397907893	0.1247695383	0.620218526209	0.143614027597	27605	18678	55.1620890887	0.883173338163	0.116826661837	0.781186422529	0.294999464611	0.352821501231	0.25746867973	0.352714423386	20727	18678	0.0988565639021	0.0124475322044	0.0125440247021	0.0426979302359	0.128493414712	0.871506585287	34663	0.257623402475	0.445143236304	0.297233361221	2.48598446471
MN06	Manhattanville	23845	0.472468022646	0.527531977354	0.55827217446	0.0879429649821	0.289830153072	0.0351855734955	0.111386034808	0.135919479975	0.599370937303	0.153323547914	10953	8130	40.3560885608	0.905687939377	0.0943120606226	0.71328413284	0.297047970479	0.492004920049	0.240590405904	0.257687576875	8810	8130	0.077185017026	0.00261066969353	0.00261066969353	0.0633371169125	0.0293972939729	0.970602706026	15422	0.369277655297	0.432239657632	0.19848268707	2.70658342792
MN09	Morningside Heights	54326	0.430751389758	0.569248610242	0.227515370173	0.479254868755	0.116868534403	0.143264735118	0.0596215440121	0.145749733093	0.638073850458	0.156554872437	25708	20166	77.0543241098	0.932355686945	0.0676443130543	0.734354854706	0.0965486462362	0.313795497372	0.185758206883	0.387087176435	21908	20166	0.0795143326638	0.0083987584444	0.011959101698	0.0461931714442	0.180452246355	0.819547753644	34232	0.122166394017	0.229726571629	0.648107034354	2.47973343071
MN03	Central Harlem North-Polo Grounds	78193	0.463340708247	0.536659291752	0.227462816365	0.0759786681672	0.637883186474	0.0266264243602	0.115355594491	0.133937820521	0.602905630939	0.14780095405	38361	33203	50.1846971659	0.840593310915	0.159406689085	0.711562208234	0.280878233894	0.40080715598	0.248742583501	0.320272264554	37771	33203	0.120939345	0.0134759471552	0.0140319292579	0.0436313573906	0.121826340993	0.878173659006	51827	0.227545487873	0.484805217358	0.287649294769	2.07018612163
MN11	Central Harlem South	46694	0.459202467126	0.540797532873	0.188311132051	0.178267015034	0.565811453292	0.0387415942091	0.129781128196	0.113098042575	0.635670535829	0.1214502934	23331	18506	64.4324813574	0.915520123441	0.084479876559	0.761536798876	0.176105047012	0.337674267805	0.198476169891	0.410731654598	21560	18506	0.141651205937	0.0142857142857	0.0160018552876	0.0495825602968	0.16664865449	0.833351345509	31407	0.166841786863	0.412710542236	0.420447670901	2.16576994434
MN33	East Harlem South	59794	0.475265076763	0.524734923236	0.440311736964	0.185386493628	0.251346288925	0.0992072783222	0.102618991872	0.131501488444	0.589105930361	0.176773589323	29164	22874	57.7247092769	0.886469620079	0.11353037992	0.718938532832	0.24809827752	0.382836408149	0.222042493661	0.345545160444	24934	22874	0.0826181118152	0.00417101147028	0.00693831715729	0.0322852330151	0.0702544373524	0.929745562647	40385	0.272526928315	0.390120094094	0.337352977591	2.39809096013
MN34	East Harlem North	60465	0.451037790457	0.548962209543	0.516877532457	0.0841313156371	0.348399900769	0.0362193004217	0.132489870173	0.157148763748	0.557711072521	0.152650293558	25075	22183	43.9902177343	0.863449651047	0.136550348953	0.66321056665	0.30194292927	0.476400847496	0.22544290673	0.278817112203	24283	22183	0.0864802536754	0.0110365276119	0.0133426677099	0.0493349256681	0.0642834603074	0.935716539692	37064	0.328971508742	0.457613857112	0.213414634146	2.49001358975
MN01	Marble Hill2-Inwood	50358	0.492712180785	0.507287819214	0.752392867072	0.137197664721	0.0771277652011	0.012947297351	0.11781643433	0.125461694269	0.612851979824	0.143869891576	28572	18168	53.8161878027	0.855137897242	0.144862102758	0.814784236019	0.332122413034	0.330306032585	0.264641127257	0.386338617349	19124	18168	0.0499895419368	0.00538590253085	0.00590880568918	0.0224325454926	0.0801409070893	0.91985909291	34173	0.309893775788	0.386211336435	0.303894887777	2.63323572474
MN35	Washington Heights North	71085	0.469198846451	0.530801153548	0.654287121052	0.259056059647	0.0468453260181	0.0285854962369	0.0955897868749	0.119701765492	0.596243933319	0.188464514314	39528	25490	61.8414083954	0.854938271605	0.145061728395	0.811023930953	0.291173009023	0.303413103178	0.239976461357	0.418203216948	27031	25490	0.0570086197329	0.00677000480929	0.00965558062964	0.0189782102031	0.123224794037	0.876775205963	48733	0.259372499128	0.37703404264	0.363593458232	2.62975842551
MN36	Washington Heights South	89551	0.493618161718	0.506381838282	0.720851805117	0.108306998247	0.121193509844	0.0273028776898	0.102667753571	0.106196469051	0.625498319393	0.165637457985	48192	29283	51.2474814739	0.846738047809	0.153261952191	0.762831677082	0.375678721442	0.366765700236	0.260868080456	0.349486049926	30936	29283	0.053432893716	0.00313550555986	0.00885699508663	0.0379169899147	0.0766656421814	0.923334357818	62105	0.364930359874	0.394992351662	0.240077288463	2.89471812775
MN99	park-cemetery-etc-Manhattan	1483	0.819959541464	0.180040458529	0.306136210382	0.165205664193	0.503708698581	0.00404585300065	0.0	0.00741739716785	0.857720836137	0.134861766688	265	0	0.0	0.430188679229	0.569811320733	0.0	0.0	0.0	0.0	0.0	10	0	0.999999999	0.0	0.0	0.0	0.0	0.0	1423	0.43710470836	0.502459592407	0.0604356992266	148.299999852
QN68	Queensbridge-Ravenswood-Long Island City	18539	0.461297804628	0.538702195372	0.438427099628	0.180538324613	0.225416689142	0.132369599223	0.131668374777	0.150385673445	0.585684233238	0.132261718539	9195	7283	44.835919264	0.849048395866	0.150951604133	0.727722092543	0.331456817245	0.470135932994	0.20238912536	0.313332417959	7678	7283	0.0514456889814	0.00781453503516	0.00573065902578	0.0513154467309	0.0800494301798	0.919950569819	11629	0.298477943073	0.48619829736	0.215323759566	2.41456108361
QN70	Astoria	75149	0.492395108385	0.507604891615	0.283130846718	0.513047412474	0.046720515243	0.134519421416	0.0755565609655	0.0775525955102	0.67479274508	0.172098098444	47084	34018	65.7401228761	0.907399541245	0.0926004587545	0.807631254042	0.11097066259	0.240196366629	0.241254629902	0.490475630548	36902	34018	0.0781529456398	0.00512167362202	0.0115982873557	0.0327353530974	0.163295902169	0.83670409783	57271	0.17399731103	0.431125700616	0.394876988354	2.036447889
QN71	Old Astoria	26470	0.509444654325	0.490555345674	0.31567812618	0.399093313185	0.0944465432565	0.158783528523	0.0925953910087	0.098262183604	0.676917264828	0.132225160559	15809	10958	63.5095364117	0.900183439812	0.0998165601872	0.821500273772	0.146012045994	0.274593903997	0.264464318306	0.424347508669	12071	10958	0.0922044569629	0.00447353160467	0.00198823626874	0.0210421671775	0.154225223581	0.845774776418	18796	0.214939348798	0.393541178974	0.391519472228	2.19285891807
QN72	Steinway	49001	0.492112405869	0.507887594131	0.224036244158	0.644456235587	0.0194077671884	0.0912430358564	0.0824268892471	0.0803248913287	0.654170323054	0.183077896369	29287	20793	72.1436300678	0.91187216171	0.08812783829	0.8305198865	0.0779589284855	0.204780454961	0.205165199827	0.560525176742	22399	20793	0.0716996294477	0.00209830796018	0.00549131657663	0.0278583865351	0.317510700716	0.682489299283	37293	0.161612098785	0.439975330491	0.398412570724	2.18764230546
QN99	park-cemetery-etc-Queens	438	0.447488584465	0.552511415512	0.148401826481	0.479452054784	0.136986301367	0.212328767118	0.0981735159795	0.105022831048	0.477168949761	0.319634703189	198	162	73.7499999954	0.878787878743	0.121212121206	0.629629629591	0.0	0.283950617266	0.135802469127	0.580246913544	173	162	0.0635838150252	0.0	0.0	0.0	0.617283950579	0.382716049359	323	0.272445820425	0.41176470587	0.315789473674	2.53179190737
QN31	Hunters Point-Sunnyside-West Maspeth	60575	0.493421378456	0.506578621543	0.349946347503	0.357408171688	0.0180932728023	0.252595955427	0.0945934791581	0.0739744118861	0.683846471316	0.147585637639	36968	26309	71.6482002356	0.926531053884	0.0734689461155	0.851115587821	0.100535938272	0.212170740051	0.229275152989	0.508077083887	28710	26309	0.0836293974225	0.00449320794148	0.010762800418	0.0336816440265	0.191835493557	0.808164506442	46088	0.17844124284	0.445907828502	0.375650928658	2.10989202368
QN50	Elmhurst-Maspeth	25088	0.49485809949	0.50514190051	0.260602678571	0.156489158163	0.00538105867347	0.568797831632	0.102479272959	0.0938695790816	0.629065688775	0.174585459184	13509	8352	67.1584650382	0.945369753497	0.0546302465023	0.845785440612	0.092672413793	0.194204980843	0.31405651341	0.451149425287	8954	8352	0.0672325217779	0.00658923386195	0.013066785794	0.0285905740451	0.420617816091	0.579382183907	18695	0.269109387537	0.448943567799	0.281947044664	2.80187625642
QN63	Woodside	45259	0.501734461654	0.498265538346	0.34320245697	0.240769791644	0.0171899511699	0.373715725049	0.104377029983	0.0972624229435	0.622572306061	0.175788241013	25242	16388	66.4434342201	0.91957848031	0.0804215196894	0.829814498413	0.108371979497	0.199536246034	0.272821576763	0.503234073712	17344	16388	0.0551199261992	0.0036323800738	0.0144142066421	0.0389183579336	0.305650475958	0.694349524042	32839	0.227229818204	0.434818356223	0.337951825573	2.60949031365
QN26	North Corona	50295	0.566517546476	0.433482453524	0.858872651357	0.0132021075654	0.0358087285018	0.0867084203201	0.158842827319	0.108042548961	0.65740133214	0.0757132915797	28213	11533	60.7201075175	0.941941658101	0.0580583418991	0.915113153559	0.267319864736	0.208878869331	0.313101534726	0.461718546778	12554	11533	0.0813286601879	0.0128245977378	0.029074398598	0.10681854389	0.184080464753	0.815919535246	31701	0.449481088924	0.472855745875	0.0776631651998	4.00629281504
QN27	East Elmhurst	23070	0.520199393151	0.479800606849	0.63918508886	0.0325964456003	0.256176853056	0.0555700043346	0.137971391417	0.125097529259	0.606068487213	0.130862592111	12520	6264	66.4830779054	0.905351437699	0.0946485623002	0.874042145592	0.162994891443	0.210089399744	0.255906768837	0.51261174968	6954	6264	0.0992234685072	0.00287604256543	0.0159620362381	0.0747771067011	0.452107279693	0.547892720306	15084	0.279567753911	0.553235216123	0.167197029965	3.31751509922
QN28	Jackson Heights	105188	0.50926911815	0.49073088185	0.542181617675	0.166539909495	0.0197455983572	0.24094953797	0.107654865574	0.111391033198	0.61756093851	0.163393162718	58606	36495	62.6151527606	0.900897519025	0.0991024809746	0.835785724072	0.144786957117	0.243430606932	0.269297163995	0.458884778737	39188	36495	0.0687200163315	0.0116617331836	0.0103092783505	0.0354445238338	0.37501027538	0.62498972462	73742	0.248555775542	0.488310596404	0.263133628055	2.68418903746
QN98	Airport	0	0.0	0.0	0.0	0.0	0.0	0.0	0.0	0.0	0.0	0.0	0	0	0.0	0.0	0.0	0.0	0.0	0.0	0.0	0.0	0	0	0.0	0.0	0.0	0.0	0.0	0.0	0	0.0	0.0	0.0	0.0
QN25	Corona	54091	0.50884620362	0.49115379638	0.601819156606	0.0947292525559	0.149340925477	0.143277070123	0.148287145736	0.126435081622	0.585291453292	0.139986319351	28068	16253	56.0388851289	0.919231865469	0.0807681345304	0.834245985356	0.266350827539	0.286224081708	0.262105457454	0.43431981788	17398	16253	0.0658121623175	0.014771812852	0.0140246005288	0.0550063225658	0.220574663139	0.77942533686	35077	0.348718533512	0.494540582148	0.15674088434	3.10903552132
QN29	Elmhurst	84904	0.513309149157	0.486690850843	0.449861019504	0.065921511354	0.0112244417224	0.458070291152	0.10997126166	0.107874776218	0.633468387826	0.148685574296	44201	27528	57.9207534147	0.932739078301	0.0672609216986	0.842342342342	0.156676838128	0.284982563208	0.26318657367	0.429344667248	29251	27528	0.0589039690951	0.00420498444497	0.0185634679156	0.0233838159379	0.242262423714	0.757737576286	59360	0.31236522911	0.450033692722	0.237601078167	2.90260162046
QN19	Glendale	31750	0.479559055118	0.520440944882	0.351874015748	0.597511811023	0.00888188976378	0.0295433070866	0.113165354331	0.127433070866	0.572157480315	0.187244094488	15439	11561	70.7451777527	0.930112053889	0.0698879461105	0.764034253092	0.063489317533	0.227315976126	0.212697863506	0.528846985554	12546	11561	0.0785110792284	0.00813008130081	0.00900685477442	0.0222381635581	0.470028544243	0.529971455756	21807	0.160453065529	0.645022240565	0.194524693906	2.53068707157
QN20	Ridgewood	70166	0.492417980218	0.507582019782	0.511116495169	0.385756634267	0.0164894678334	0.0775589316763	0.135592737223	0.128523786449	0.607017643873	0.128865832454	35317	23963	60.7731711388	0.919302318996	0.0806976810035	0.805783916872	0.107123482035	0.275299419939	0.238576138213	0.462922004757	25836	23963	0.072495742375	0.0154822727976	0.0228750580585	0.0382799194922	0.216750824187	0.783249175812	45815	0.254392666157	0.554730983302	0.19087635054	2.7158228828
QN21	Middle Village	39062	0.477548512621	0.522451487379	0.168117351902	0.748297578209	0.00952332189852	0.0675080641032	0.0980748553581	0.104449336951	0.542726946905	0.254748860785	19789	14899	79.7608899926	0.937439991914	0.0625600080853	0.744613732465	0.045842002819	0.189744278139	0.202496811866	0.555876233304	16003	14899	0.0689870649253	0.0103105667687	0.00993563706804	0.0169343248141	0.588965702396	0.411034297604	29125	0.162231759657	0.559622317596	0.278145922747	2.440917328
QN30	Maspeth	27677	0.490840770315	0.509159229685	0.2581927232	0.615493008635	0.00881598439137	0.108176464212	0.115800122846	0.105502764028	0.585829389023	0.192867724103	14696	10629	67.4346128516	0.910860097985	0.0891399020141	0.801580581427	0.0570138300874	0.191833662621	0.243578887948	0.540972810236	11809	10629	0.0999237869421	0.0070285375561	0.00736726225759	0.0174443221272	0.513406717471	0.486593282528	19823	0.185390707764	0.60187660798	0.212732684256	2.34372089084
QN17	Forest Hills	84694	0.453137176187	0.546862823813	0.122960304154	0.585283491156	0.0255626136444	0.243523744303	0.106028762368	0.0773844664321	0.573393628828	0.243193142371	46207	38771	85.0515849475	0.926764343065	0.0732356569351	0.77147868252	0.074359701839	0.183307110985	0.176214180702	0.565113099997	41717	38771	0.0706186926193	0.00378742479085	0.00522568736966	0.0149579308196	0.476902839751	0.523097160249	65663	0.0746843732391	0.378234317652	0.547081309109	2.03020351415
QN18	Rego Park	27500	0.476218181818	0.523781818182	0.169709090909	0.449054545454	0.0248363636364	0.319527272727	0.0991272727272	0.0765090909091	0.592509090909	0.231854545454	15401	12455	71.2230028101	0.909161742743	0.090838257256	0.791087916499	0.0845443596948	0.218627057406	0.244399839422	0.492573263749	12986	12455	0.0408901894347	0.0043893423687	0.00462036038811	0.0198675496689	0.415335206744	0.584664793255	21272	0.0914817600601	0.405650620534	0.502867619406	2.11766517788
QN22	Flushing	69382	0.478625580122	0.521374419878	0.157663370903	0.0953129053645	0.0384970165172	0.667464183794	0.0855120924735	0.0967253754576	0.604349831368	0.2134127007	37245	25643	54.6266037515	0.90463149416	0.0953685058397	0.781694809499	0.177943298366	0.341613695745	0.242834301759	0.393752681043	27764	25643	0.0763938913701	0.00396196513471	0.0100129664313	0.028742256159	0.278126584253	0.721873415747	52182	0.260013031313	0.460791077383	0.279195891303	2.49899149978
QN23	College Point	24199	0.50750030993	0.49249969007	0.362866234142	0.324021653787	0.022562915823	0.268027604446	0.120418199099	0.119219802471	0.562791850903	0.197570147527	12822	7749	74.0147115756	0.900483543908	0.099516456091	0.842560330364	0.101561491805	0.161698283649	0.259775454897	0.536069170215	8405	7749	0.0780487804877	0.00261748958953	0.00309339678762	0.019750148721	0.46780229707	0.532197702929	16809	0.215955737997	0.546017014694	0.238027247308	2.87911957168
QN47	Ft. Totten-Bay Terrace-Clearview	22943	0.464978424792	0.535021575208	0.0933618097023	0.637187813276	0.00640718301878	0.250272414244	0.0805474436647	0.0977640238852	0.510831190341	0.310857342109	11800	10253	85.446210865	0.895593220338	0.104406779661	0.695601287427	0.038622842095	0.167365649078	0.193406807763	0.577294450404	10863	10253	0.0561539169658	0.00322194605541	0.00377427966491	0.00902144895516	0.688676484931	0.311323515068	17587	0.0893273440609	0.462614431114	0.448058224825	2.11203166713
QN49	Whitestone	32331	0.478859299125	0.521140700875	0.145402245523	0.680956357675	0.00519625127586	0.15412452445	0.119451919211	0.114750549009	0.522656274164	0.243141257616	16413	11544	93.5278066527	0.897093767135	0.102906232864	0.795651420651	0.0280665280665	0.136521136521	0.172817047817	0.603343728343	12339	11544	0.0644298565523	0.002026096118	0.00607828835399	0.000648350757759	0.697331947331	0.302668052668	23113	0.122571712889	0.53134599576	0.346082291351	2.62022854364
QN51	Murray Hill	51509	0.481935195791	0.518064804209	0.15076976839	0.271447708167	0.0148323593935	0.541711157273	0.101555068046	0.0850919256829	0.594265079889	0.219087926382	27352	17877	73.902360575	0.91331529687	0.0866847031295	0.818258096996	0.110253398221	0.204228897466	0.254461039324	0.488672596073	18976	17877	0.0579152613828	0.00200252951096	0.00674536256323	0.0189186340641	0.449348324663	0.550651675337	38638	0.200450333868	0.46754490398	0.332004762151	2.71442875211
QN52	East Flushing	27943	0.477149912321	0.522850087678	0.154528862327	0.212969258848	0.0152453208317	0.584547113767	0.100740793759	0.0876784883513	0.605768886662	0.205811831228	14326	8870	71.4563134159	0.894248220019	0.10575177998	0.801014656143	0.125704622322	0.225704622322	0.222435174746	0.513416009019	9406	8870	0.0569849032532	0.00255156283223	0.0043589198384	0.0210503933659	0.502367531003	0.497632468996	20623	0.216942248945	0.468360568297	0.314697182757	2.97076334254
QN62	Queensboro Hill	20989	0.489970937157	0.510029062842	0.146362380294	0.169660298251	0.0151984372767	0.635904521416	0.122540378293	0.117585401877	0.587688789366	0.172185430463	10513	6384	67.3789943608	0.905260154094	0.094739845905	0.844141604009	0.0864661654134	0.1953320802	0.268796992481	0.492011278195	6792	6384	0.060070671378	0.00647820965841	0.0287102473498	0.0206124852768	0.60354010025	0.396459899749	14540	0.236451169188	0.468775790921	0.29477303989	3.0902532391
QN06	Jamaica Estates-Holliswood	25067	0.445765348865	0.554234651135	0.152790521403	0.239438305342	0.257549766625	0.301950771931	0.0921530298799	0.106793792636	0.5602585072	0.240794670284	13435	9489	86.664032037	0.929512467435	0.0704875325641	0.82284750764	0.0662872800084	0.154916218779	0.209084202761	0.548319106333	9932	9489	0.0446033024567	0.0449053564236	0.0593032621828	0.0872935964558	0.571398461376	0.428601538623	18440	0.12125813449	0.421312364425	0.457429501084	2.52386226339
QN35	Briarwood-Jamaica Hills	38449	0.498270436162	0.501729563838	0.256963770189	0.211240864522	0.115971806809	0.357434523655	0.107831152956	0.100912897605	0.613071861427	0.178184088013	21240	13557	71.3255144943	0.885075329566	0.114924670433	0.855277716308	0.08888397138	0.189053625433	0.244228074058	0.54643357675	14401	13557	0.0586070411777	0.066800916603	0.125338518158	0.113672661621	0.415947481006	0.584052518993	27709	0.170522212999	0.422642462738	0.406835324263	2.66988403583
QN37	Kew Gardens Hills	36683	0.480440531036	0.519559468964	0.124962516697	0.530381920781	0.0839898590628	0.230815364065	0.149442521059	0.114494452471	0.548155821498	0.187907204972	17735	13265	73.4666415378	0.899295179024	0.100704820975	0.793290614398	0.093102148511	0.211609498681	0.220203543159	0.531172257821	14374	13265	0.0771531932656	0.00619173507722	0.0107833588423	0.0347154584667	0.515567282322	0.484432717678	24106	0.107856965071	0.445698166431	0.446444868497	2.55203840267
QN38	Pomonok-Flushing Heights-Hillcrest	33532	0.473189788858	0.526810211141	0.19980913754	0.339407133484	0.107002266492	0.321722533699	0.10974591435	0.157580818323	0.539991649767	0.192681617559	16177	11797	64.8300415359	0.868269765716	0.131730234283	0.736627956259	0.147749427821	0.291938628465	0.200220395016	0.476646605069	12383	11797	0.047322942744	0.00298796737462	0.016231930873	0.0295566502463	0.448588624226	0.551411375773	21744	0.161883738043	0.510071743929	0.328044518028	2.70790600016
QN41	Fresh Meadows-Utopia	18177	0.473400451119	0.52659954888	0.131704901799	0.301204819277	0.037850030258	0.502118061286	0.125818341861	0.112504813776	0.572041591021	0.189635253342	9101	6582	79.6927225766	0.904515987253	0.0954840127457	0.775448192038	0.0650258280157	0.17806137952	0.23290793072	0.526587663323	6946	6582	0.0524042614454	0.00115174200979	0.00331125827814	0.0299452922545	0.411121239744	0.588878760254	12557	0.101377717608	0.427968463805	0.470653818587	2.61690181399
QN53	Woodhaven	59550	0.491418975651	0.508581024349	0.526599496222	0.16362720403	0.0591435768262	0.221175482788	0.145843828715	0.139899244332	0.584399664148	0.129857262804	31079	17140	71.60210035	0.868464236301	0.131535763699	0.861726954492	0.190431738623	0.207001166861	0.238156359393	0.518553092182	18764	17140	0.0865487102963	0.0277126412279	0.0309102536772	0.0229695160946	0.485005834305	0.514994165694	37628	0.238067396619	0.548315084511	0.213617518869	3.173630356
QN54	Richmond Hill	65199	0.495299007653	0.504700992346	0.349468550131	0.103084403135	0.0931302627341	0.298271445881	0.123759566865	0.150953235479	0.592171659074	0.133115538582	34091	17535	70.1752209866	0.897920272212	0.102079727787	0.894325634445	0.165611633875	0.196065012831	0.235471913316	0.540690048474	18828	17535	0.0686743148502	0.00823241980029	0.0131187592947	0.0210856171659	0.48377530653	0.51622469347	41963	0.268546100136	0.521244906227	0.210208993637	3.46287444232
QN60	Kew Gardens	22878	0.49130168721	0.508698312789	0.279919573389	0.475434915639	0.0738700935396	0.149357461316	0.0973424250371	0.0911355887752	0.604117492788	0.2074044934	13253	9997	75.5949284785	0.912774466158	0.0872255338413	0.802440732219	0.110233069921	0.1755526658	0.211263379013	0.580874262278	10993	9997	0.0906031110706	0.00836896206676	0.0192849995451	0.0422086782498	0.355806742022	0.644193257977	17087	0.118745244923	0.41745186399	0.463802891087	2.08114254525
QN55	South Ozone Park	80046	0.485883117208	0.514116882792	0.220885490843	0.065175024361	0.234677560403	0.245159033556	0.112060565175	0.141993353822	0.60117932189	0.144766759113	42184	22031	72.6098452181	0.895695050256	0.104304949744	0.879079478916	0.145612999864	0.191775225818	0.23943534111	0.529118060914	23370	22031	0.0572956782199	0.0113821138211	0.0114249037227	0.0103551561831	0.633970314556	0.366029685443	52757	0.260799514756	0.568398506359	0.170801978884	3.42516046213
QN56	Ozone Park	22136	0.485453559812	0.514546440188	0.418232743043	0.288670039754	0.0545717383448	0.211420310806	0.129517528009	0.132679797615	0.589537405132	0.148265269245	11265	6837	74.1498464238	0.894274300931	0.105725699068	0.832675149918	0.166886061138	0.186777826532	0.194383501535	0.590171127687	7474	6837	0.0852287931495	0.0210061546695	0.022477923468	0.019266791544	0.572180781043	0.427819218955	14481	0.198397900697	0.609212070989	0.192390028313	2.96173401123
QN57	Lindenwood-Howard Beach	28769	0.452570475164	0.547429524836	0.208905419027	0.734540651395	0.014946643957	0.0198825124266	0.107720115402	0.097570301366	0.505370363933	0.289339219298	14133	11261	80.8103187993	0.916578221184	0.0834217788155	0.726312050439	0.0647367018914	0.167835893793	0.219341088713	0.546576680579	11673	11261	0.0352951255033	0.00890944915616	0.013792512636	0.0167052171678	0.73101855963	0.268981440369	21471	0.173303525686	0.596758418331	0.229938055982	2.46457637282
QN42	Oakland Gardens	28097	0.486991493754	0.513008506246	0.0753461223618	0.447129586788	0.0164786276115	0.434138876036	0.119977221767	0.100188632238	0.558351425419	0.221482720575	14311	11235	83.909212283	0.938997973586	0.0610020264132	0.792701379617	0.0580329327992	0.170805518469	0.164842011571	0.605607476635	11701	11235	0.0398256559268	0.00282027177164	0.0123066404581	0.0346124262883	0.725233644859	0.27476635514	20624	0.081167571761	0.468483320403	0.450349107835	2.4012477566
QN45	Douglas Manor-Douglaston-Little Neck	25619	0.49498419142	0.505015808579	0.109762285803	0.493735118467	0.0264647332058	0.366251610133	0.0923923650415	0.121628478863	0.529411764706	0.256567391389	13695	9677	97.418363129	0.93187294633	0.0681270536692	0.771106747958	0.0385450036168	0.14012607213	0.157280148806	0.586855430401	10072	9677	0.0392176330421	0.000694996028593	0.00367355043685	0.00754567116759	0.782163893768	0.217836106231	18952	0.0823132123258	0.389932460954	0.52775432672	2.54358617951
QN46	Bayside-Bayside Hills	45522	0.477000131804	0.522999868195	0.1336935987	0.469553183076	0.0244277492202	0.338078291815	0.0933614516058	0.119656429858	0.567264179957	0.219717938579	24197	16043	88.358629932	0.908046452039	0.0919535479605	0.815745184815	0.0466246961291	0.149784952939	0.189428411145	0.598641151904	16964	16043	0.0542914406979	0.00359585003537	0.00524640414996	0.0101980664937	0.675621766502	0.324378233497	33296	0.129745314752	0.458763815473	0.411490869774	2.68344730016
QN48	Auburndale	20684	0.485737768323	0.514262231676	0.132711274415	0.421340166312	0.00792883388126	0.416022046026	0.105685554051	0.107861148714	0.553664668342	0.232788628892	10228	7182	83.0827067668	0.915526007039	0.0844739929604	0.789055973265	0.0463659147869	0.164578111946	0.17947646895	0.604984683931	7562	7182	0.0502512562813	0.0014546416292	0.0	0.00819888918275	0.665970481759	0.33402951824	14999	0.155143676245	0.466231082072	0.378625241683	2.73525522348
QN01	South Jamaica	36864	0.457899305555	0.542100694444	0.169270833333	0.00645616319444	0.675374348958	0.0629340277778	0.138427734375	0.166937934028	0.538302951389	0.156331380208	18164	11627	59.4852498494	0.84254569478	0.157454305219	0.760901350305	0.284338178378	0.309710157392	0.235400361228	0.433989851208	13399	11627	0.132248675274	0.0167922979327	0.035823568923	0.0527651317262	0.446288810527	0.553711189472	22828	0.247941124934	0.580734186087	0.171324688978	2.75125009329
QN02	Springfield Gardens North	26959	0.418969546348	0.581030453652	0.0724062465225	0.0137616380429	0.892503431136	0.0168403872547	0.116807003227	0.141288623465	0.527727289588	0.21417708372	14059	9939	63.6336653586	0.865068639305	0.134931360694	0.784686588187	0.117516852802	0.205654492403	0.28473689506	0.498641714458	10512	9939	0.05450913242	0.0	0.00903729071536	0.00922754946727	0.309286648556	0.690713351443	18336	0.15565008726	0.648996509598	0.195353403141	2.56459284627
QN07	Hollis	21520	0.449581784386	0.550418215613	0.122072490706	0.0335037174721	0.625836431226	0.128531598513	0.100046468401	0.134897769517	0.589451672862	0.175604089219	12288	6273	75.3746213932	0.863118489583	0.136881510417	0.857803283914	0.161804559222	0.186673043201	0.234178224135	0.54248366013	6843	6273	0.0832967996492	0.014175069414	0.0378488966827	0.0407715914072	0.574685158615	0.425314841383	14430	0.190228690229	0.585031185031	0.22474012474	3.1448195236
QN08	St. Albans	51098	0.457669576109	0.542330423891	0.0622529257505	0.0136404555951	0.881678343575	0.0148733805628	0.119241457591	0.138674703511	0.555442483072	0.186641355826	28335	15308	81.659099817	0.877924827951	0.122075172049	0.843872484975	0.137248497518	0.151358766658	0.207603867259	0.600796968905	16666	15308	0.0814832593303	0.0297011880475	0.0538821552862	0.0689427577103	0.744969950352	0.255030049647	34170	0.137781679836	0.633538191396	0.228680128768	3.0660026401
QN61	Jamaica	50922	0.492969639841	0.507030360159	0.372314520247	0.0276894073289	0.203134205255	0.30208947017	0.138977259338	0.124150661796	0.592788971368	0.144083107498	26429	15700	53.2982484076	0.858034734572	0.141965265428	0.844585987261	0.226942675159	0.311337579618	0.288025477707	0.381082802548	16704	15700	0.0601053639846	0.0766882183908	0.118474616858	0.118055555555	0.283694267516	0.716305732484	34111	0.339890357949	0.48116443376	0.178945208291	3.04849137931
QN76	Baisley Park	34293	0.4674131747	0.532586825299	0.10938092322	0.00580293354329	0.776776601639	0.0446446796722	0.126119033039	0.162861225323	0.55451549879	0.156504242848	17905	10364	72.4095426476	0.862049706785	0.137950293214	0.831242763411	0.199054419143	0.18979158626	0.219992280972	0.549112311848	11643	10364	0.109851412866	0.00807352057029	0.0169200377909	0.0201838014257	0.617136240833	0.382863759166	21697	0.187721804858	0.640872009955	0.171406185187	2.94537490337
QN03	Springfield Gardens South-Brookville	19901	0.463343550575	0.536656449424	0.079895482639	0.0192955127883	0.863524446007	0.0148233757098	0.136023315411	0.136827295111	0.583237023265	0.143912366213	10255	5553	86.815685215	0.895368113115	0.104631886884	0.878444084277	0.127678732217	0.103907797587	0.177921844048	0.687736358724	6040	5553	0.0806291390727	0.0	0.000496688741721	0.00894039735098	0.680713128038	0.319286871961	12606	0.137870855148	0.623036649214	0.239092495637	3.29486754966
QN05	Rosedale	28201	0.432927910358	0.567072089642	0.0595014361193	0.0415588099713	0.84280699266	0.0394666855785	0.148398992943	0.15382433247	0.556930605297	0.140846069288	15381	7896	95.3628419452	0.922696833755	0.077303166244	0.920466058763	0.121073961499	0.0752279635257	0.196681864235	0.671985815602	8177	7896	0.0343646814235	0.00317965023847	0.0089274795157	0.00501406383759	0.689969604862	0.310030395136	17555	0.115408715466	0.584448874964	0.30014240957	3.44881986058
QN33	Cambria Heights	20212	0.45883633485	0.541163665149	0.0507619236097	0.0157332277855	0.898624579457	0.0209281614882	0.0846526815753	0.123194142094	0.547743914506	0.244409261825	10635	6337	92.296828152	0.932110954395	0.0678890456041	0.839040555467	0.098469307243	0.0918415654094	0.169007416758	0.690863184471	6598	6337	0.0395574416489	0.000909366474688	0.00303122158229	0.00591088208547	0.837778128451	0.162221871548	14536	0.133392955421	0.581177765547	0.285429279031	3.06335253107
QN34	Queens Village	57549	0.483831169959	0.51616883004	0.187683539245	0.0560739543693	0.498392674069	0.182800743714	0.105162557125	0.136092720986	0.588350796712	0.170393925177	32884	16048	82.805333998	0.8793030045	0.120696995499	0.888833499501	0.126807078764	0.145625623131	0.182265702891	0.634409272183	16826	16048	0.0462379650541	0.0104600023773	0.0155711399025	0.035361939855	0.670550847457	0.329449152542	39000	0.171974358974	0.591128205128	0.236897435897	3.42024248187
QN43	Bellerose	25964	0.500154059467	0.499845940533	0.149437682946	0.354991526729	0.0618163611154	0.385495301186	0.117701432753	0.131990448313	0.574680326606	0.175627792328	13234	8110	90.3338471022	0.918467583496	0.0815324165029	0.834895191121	0.0508014796547	0.107398273736	0.189889025894	0.636374845869	8908	8110	0.0895823978445	0.00819488100583	0.0101032779524	0.0196452626852	0.721948212083	0.278051787916	17989	0.108788704208	0.513813997443	0.377397298349	2.91468343062
QN44	Glen Oaks-Floral Park-New Hyde Park	22427	0.45721674767	0.54278325233	0.0902483613501	0.51116957239	0.0295625808178	0.320194408525	0.086681232443	0.0928345298078	0.510188611941	0.310295625808	11266	9167	86.7685720518	0.929522456949	0.0704775430498	0.676011781389	0.0409076033598	0.156867023017	0.190138540417	0.598123704592	9944	9167	0.0781375703941	0.00331858407079	0.000905068382944	0.00844730490747	0.771026508126	0.228973491873	17376	0.0966275322283	0.452866022099	0.450506445672	2.25532984714
QN66	Laurelton	25141	0.436657253092	0.563342746907	0.0372697983374	0.0161489200907	0.916510878644	0.00385823952905	0.10512708325	0.14279463824	0.529135674794	0.222942603715	13131	7891	87.764541883	0.909222450689	0.0907775493107	0.819161069572	0.133062983145	0.120263591433	0.190343429223	0.642884298567	8501	7891	0.0717562639689	0.000823432537348	0.00658746029878	0.0218797788495	0.81257128374	0.187428716259	17394	0.151718983557	0.582672185811	0.265608830631	2.95741677449
QN10	Breezy Point-Belle Harbor-Rockaway Park-Broad Channel	29543	0.485935754663	0.514064245337	0.127238262871	0.775378262194	0.0712182242832	0.0153335815591	0.118099042074	0.119080662086	0.505737399722	0.257082896117	13766	11319	87.775421857	0.924887403748	0.0751125962516	0.772594752186	0.0645816768265	0.166622493153	0.175722236947	0.578496333598	13785	11319	0.178890097932	0.0124047878128	0.0121871599565	0.0374319912949	0.640515946638	0.359484053361	21324	0.11550365785	0.527340086288	0.357156255862	2.14312658687
QN12	Hammels-Arverne-Edgemere	35500	0.463915492958	0.536084507042	0.257098591549	0.137295774648	0.552281690141	0.0272112676056	0.152281690141	0.170281690141	0.520704225352	0.156732394366	15038	12157	53.8424364563	0.839207341401	0.160792658598	0.75224150695	0.306572345151	0.337747799621	0.254092292506	0.39014559513	13838	12157	0.121477092065	0.010333863275	0.0	0.0797803150744	0.318417372707	0.681582627292	21427	0.254632006347	0.58001586783	0.165352125822	2.56539962422
QN15	Far Rockaway-Bayswater	50294	0.462341432378	0.537658567622	0.251063745178	0.26677138426	0.436155406211	0.0187497514614	0.171272915258	0.146379289776	0.505805861534	0.176541933431	21533	16060	58.7650996264	0.895416337714	0.104583662286	0.710709838107	0.331880448319	0.378206724782	0.185305105853	0.392216687422	17883	16060	0.101940390315	0.00715763574344	0.00620701224626	0.0461331991276	0.25597758406	0.74402241594	30210	0.253757034095	0.513803376365	0.23243958954	2.81239165688
SI07	Westerleigh	24202	0.494628543095	0.505371456904	0.118667878688	0.767168002644	0.0173539376911	0.0731757705974	0.10953640195	0.129328154698	0.54602925378	0.215106189571	12003	9083	94.7654959814	0.934016495875	0.0659835041239	0.777056038753	0.0505339645491	0.136738962898	0.130463503248	0.670373224705	9674	9083	0.0610915856935	0.00217076700434	0.00723589001446	0.00547860243952	0.736430694704	0.263569305295	17081	0.0887535858556	0.593993325917	0.317253088226	2.50175728757
SI08	Grymes Hill-Clifton-Fox Hills	23858	0.438804593847	0.561195406153	0.266451504736	0.259367926901	0.32312012742	0.132827563082	0.156132115014	0.16707184173	0.549082068907	0.127713974348	11554	7941	65.3513411408	0.908429980958	0.0915700190409	0.818158922049	0.176552071527	0.229316207027	0.281198841455	0.455987910842	8567	7941	0.0730710867281	0.0218279444379	0.0151745068285	0.0189097700478	0.429416950006	0.570583049993	13649	0.229613891127	0.522895450216	0.247490658656	2.78487218396
SI12	Mariner's Harbor-Arlington-Port Ivory-Graniteville	30473	0.464443933974	0.535556066025	0.385390345552	0.232139927149	0.275292882224	0.0790535884225	0.13615331605	0.172841531848	0.569454927313	0.121550224789	13701	10025	69.4805486284	0.9115393037	0.0884606962995	0.769476309226	0.216159600997	0.239102244389	0.244987531172	0.486882793017	11198	10025	0.104750848366	0.00321485979639	0.00919807108411	0.0228612252188	0.602793017456	0.397206982543	18472	0.175454742313	0.622022520571	0.202522737116	2.72128951598
SI22	West New Brighton-New Brighton-St. George	31214	0.483052476453	0.516947523547	0.277215352086	0.283686807202	0.366053693855	0.0488883193439	0.156852694304	0.148779393862	0.537771512783	0.156596399052	13947	11686	61.8558531576	0.896895389689	0.10310461031	0.744651720006	0.269296594215	0.33570083861	0.193051514633	0.442666438473	13757	11686	0.150541542487	0.0032710620048	0.0122119648179	0.0242058588355	0.402019510525	0.597980489474	19571	0.169281079148	0.541770987686	0.288947933166	2.26895398706
SI28	Port Richmond	19240	0.487214137214	0.512785862786	0.309043659043	0.421881496881	0.194542619543	0.0479729729729	0.16658004158	0.125727650728	0.551715176715	0.155977130977	8660	6369	73.1723975505	0.93036951501	0.0696304849884	0.745485947557	0.169257340242	0.254828073481	0.168472287643	0.551263934683	7064	6369	0.0983861834653	0.00353907134767	0.0144394110985	0.0260475651189	0.619877531794	0.380122468205	12288	0.17236328125	0.618570963541	0.209065755208	2.72366930917
SI35	New Brighton-Silver Lake	18310	0.509776078645	0.490223921354	0.26335335882	0.578099399235	0.0984161660294	0.0394866193337	0.129983615511	0.140251228837	0.554396504642	0.17536865101	8677	6303	88.6109788988	0.908493719026	0.0915062809726	0.80802792321	0.109630334761	0.186895129303	0.167539267015	0.540377597968	7011	6303	0.100984167736	0.0128369704749	0.018542290686	0.0376551133932	0.642392511501	0.357607488497	12130	0.111706512778	0.547403132728	0.340890354493	2.61161032663
SI37	Stapleton-Rosebank	25635	0.495299395358	0.504700604642	0.29416812951	0.38985761654	0.188219231519	0.108445484689	0.119953188999	0.129003315779	0.593485469085	0.157558026136	11848	9115	68.6428963247	0.926569885212	0.0734301147872	0.750850246845	0.201645639056	0.282611080636	0.200219418541	0.489083927591	10192	9115	0.1056711146	0.00588697017268	0.00608320251177	0.0359105180533	0.492046077893	0.507953922106	17137	0.212697671704	0.532181828791	0.255120499504	2.51520800628
SI05	New Springville-Bloomfield-Travis	39517	0.475339727206	0.524660272794	0.146063719412	0.639446314244	0.0376799858289	0.166662449073	0.110231039806	0.133638687147	0.532935192449	0.223195080598	18617	13345	89.3246534282	0.9351130687	0.0648869312993	0.802997377294	0.0779318096665	0.144773323342	0.172648932184	0.614462345447	14282	13345	0.065607057835	0.0014703822994	0.00490127433132	0.00483125612659	0.738928437617	0.261071562383	27819	0.102915273734	0.581041734066	0.316042992199	2.76690939644
SI14	Grasmere-Arrochar-Ft. Wadsworth	14775	0.463485617597	0.536514382402	0.119323181049	0.714856175972	0.0492724196277	0.107884940778	0.127648054145	0.108155668359	0.555600676819	0.208595600677	6890	5438	82.2338175798	0.92075471698	0.0792452830188	0.737035674879	0.13663111438	0.208164766458	0.176167708716	0.548363368885	6115	5438	0.110711365495	0.00212591986917	0.00637775960751	0.0119378577269	0.626333210738	0.37366678926	10350	0.161256038647	0.507342995169	0.331400966183	2.41618969746
SI24	Todt Hill-Emerson Hill-Heartland Village-Lighthouse Hill	31931	0.472487551282	0.527512448717	0.0919169459146	0.742569916382	0.0253985155491	0.131721524537	0.0937959976198	0.133130813316	0.532241395509	0.240831793555	15572	11096	95.4213229992	0.95055227331	0.0494477266889	0.81371665465	0.0612833453496	0.1239185292	0.176550108147	0.605623648161	11739	11096	0.0547746826816	0.00826305477468	0.0103075219354	0.0108186387256	0.800558759913	0.199441240086	22638	0.120593692022	0.53882851842	0.340577789557	2.72007837124
SI36	Old Town-Dongan Hills-South Beach	24999	0.489419576783	0.510580423217	0.138605544222	0.716348653946	0.0404816192648	0.0874834993399	0.100924036961	0.11276451058	0.564542581703	0.221768870755	11596	8752	78.9862317184	0.918937564677	0.0810624353225	0.759255027421	0.0951782449725	0.209323583181	0.199611517367	0.541361974405	9275	8752	0.0563881401617	0.00582210242587	0.006576819407	0.0119676549865	0.664648080438	0.335351919561	17605	0.138142573133	0.565293950582	0.296563476285	2.69530997304
SI45	New Dorp-Midland Beach	21208	0.485194266314	0.514805733685	0.144002263297	0.777489626556	0.0183892870615	0.0529517163334	0.132402866843	0.115333836288	0.55950584685	0.192757450019	10399	7881	87.6243497017	0.91845369747	0.081546302529	0.740007613246	0.0833650551959	0.153914477858	0.200482172313	0.582920949117	8398	7881	0.0615622767325	0.00464396284829	0.00702548225767	0.0188140033341	0.753077020682	0.246922979317	14603	0.0929945901526	0.630692323495	0.276313086352	2.52536318171
SI01	Annadale-Huguenot-Prince's Bay-Eltingville	28727	0.507849758067	0.492150241933	0.0833014237477	0.872628537612	0.00334180387788	0.0327914505517	0.0983395411981	0.140773488356	0.564938907648	0.195948062798	14299	9786	99.6942060085	0.934191202181	0.065808797818	0.803903535662	0.0314735336194	0.12579194768	0.133251583895	0.64592274678	10352	9786	0.0546754250386	0.00830757341576	0.00338098918083	0.0125579598145	0.821990598814	0.178009401185	19716	0.0906370460539	0.603164942179	0.306198011767	2.77501931994
SI11	Charleston-Richmond Valley-Tottenville	24083	0.518664618195	0.481335381804	0.123281983142	0.787484947888	0.0295228999709	0.04335008097	0.143628285513	0.134119503384	0.573765726861	0.148486484242	11029	7622	98.8556153239	0.94396590806	0.0560340919394	0.812909997375	0.0581212280241	0.130936762005	0.138677512464	0.60928890055	8244	7622	0.0754488112566	0.00715672003881	0.0101892285298	0.0104318292091	0.787326161112	0.212673838887	15882	0.101120765647	0.597405868278	0.301473366075	2.92127607957
SI25	Oakwood-Oakwood Beach	22038	0.473182684454	0.526817315546	0.12188038842	0.820900263181	0.0244577547872	0.021009165986	0.108766675742	0.11666212905	0.509801252382	0.264769942826	10762	8194	89.8800951915	0.925106857461	0.0748931425385	0.729802294361	0.0916524286062	0.13888210886	0.190993409812	0.591164266536	8733	8194	0.0617199129737	0.00801557311347	0.00801557311347	0.00251918012138	0.692457896021	0.307542103978	15986	0.110909545853	0.601901663956	0.287188790191	2.52353143249
SI32	Rossville-Woodrow	19938	0.489818437155	0.510181562845	0.0727254488915	0.859514494934	0.00556725850135	0.0554218076035	0.131959073127	0.1192195807	0.563195907312	0.18562543886	9650	6945	100.603311735	0.951295336787	0.0487046632124	0.834413246939	0.0394528437724	0.12037437005	0.133333333333	0.629949604031	7225	6945	0.0387543252595	0.00512110726643	0.00193771626297	0.0	0.820302375809	0.17969762419	13725	0.079198542805	0.645610200364	0.27519125683	2.75958477508
SI48	Arden Heights	24799	0.488890681076	0.511109318924	0.114843340457	0.801322633977	0.0161296826485	0.0628251139159	0.105165530868	0.148433404573	0.561837170853	0.184563893705	12976	8805	98.1672345257	0.917154747225	0.0828452527743	0.827825099374	0.0293015332197	0.110505394662	0.110391822828	0.702441794434	9188	8805	0.041684806269	0.00380931649978	0.00696560731388	0.0068567696996	0.852356615558	0.14764338444	17133	0.0762855308469	0.60818303858	0.315531430572	2.69906399651
SI54	Great Kills	43427	0.489534160775	0.510465839224	0.0729730352085	0.878094273148	0.00147373753656	0.0383171759504	0.113984387593	0.132958758376	0.550832431437	0.202224422594	21257	15289	98.8696121394	0.931269699393	0.0687303006068	0.79488521159	0.0489894695532	0.109425076853	0.132382758846	0.681797370658	15716	15289	0.0271697632985	0.00407228302367	0.00477220666836	0.00814456604734	0.847275819216	0.152724180783	30076	0.0712528261737	0.641308684665	0.287438489161	2.76323491983
